id,role,company,location_city,location_region,location_country,location_remote,type,salary,salaryMin,salaryMax,salaryCurrency,salaryPeriod,about,description,responsibilities,qualifications,benefits,tags,logoUrl,color,applicationUrl,isFeatured,experienceLevel,deadline,lat,lng,postedAt,postedBy
it-helpdesk-associate-metrobridge-analytics-001,IT Helpdesk Associate,MetroBridge Analytics,Iloilo City,Iloilo,Philippines,False,Full-time,"₱22,000 - ₱27,500 / month",22000,27500,PHP,/ month,MetroBridge Analytics is hiring a IT Helpdesk Associate to support its growing support team.,"## About the role

MetroBridge Analytics is looking for a entry IT Helpdesk Associate based in Iloilo City, Philippines. You will help the team deliver reliable, user-focused work while collaborating with stakeholders across the organization.

## What you will do

This role is ideal for someone who is organized, proactive, and comfortable learning quickly in a practical work environment.","[""Respond to customer or internal requests through approved channels."", ""Resolve issues accurately while maintaining a helpful tone."", ""Escalate complex concerns with clear context and documentation."", ""Document progress, decisions, and important updates clearly."", ""Collaborate with cross-functional teams to deliver high-quality work.""]","[""Experience with customer service, ticketing tools, or administrative support."", ""Patient, organized, and able to handle repetitive tasks accurately."", ""Ability to work independently and collaborate with a team."", ""0-1 years of relevant experience or equivalent project background.""]","[""Flexible schedule"", ""Meal allowance"", ""Equipment provided"", ""Health insurance"", ""Wellness stipend"", ""Transportation allowance"", ""Career development budget""]","[""FULL-TIME"", ""ENTRY"", ""SUPPORT"", ""ADMIN"", ""TICKETING"", ""HELPDESK""]",https://dummyimage.com/256x256/4f46e5/ffffff.png&text=MA,#4f46e5,https://jobs.example.com/apply/it-helpdesk-associate-metrobridge-analytics-001,False,Entry,2026-07-10T10:00:00Z,10.700552,122.565265,2026-05-16T03:00:00Z,seed-admin@example.com
healthcare-virtual-assistant-aster-cloud-002,Healthcare Virtual Assistant,Aster Cloud,Remote,Davao del Sur,Philippines,True,Hybrid,"₱120,000 - ₱150,000 / month",120000,150000,PHP,/ month,Aster Cloud is hiring a Healthcare Virtual Assistant to support its growing healthcare team.,"## About the role

Aster Cloud is looking for a lead Healthcare Virtual Assistant based in Remote. You will help the team deliver reliable, user-focused work while collaborating with stakeholders across the organization.

## What you will do

This role is ideal for someone who is organized, proactive, and comfortable learning quickly in a practical work environment.","[""Provide safe, organized, and patient-centered support."", ""Maintain accurate records and follow clinical documentation standards."", ""Coordinate with medical staff to ensure smooth daily operations."", ""Document progress, decisions, and important updates clearly."", ""Collaborate with cross-functional teams to deliver high-quality work.""]","[""Relevant healthcare training, certification, or clinical experience."", ""Knowledge of patient safety, confidentiality, and documentation standards."", ""Strong communication, ownership, and problem-solving skills."", ""7+ years of relevant experience or equivalent project background.""]","[""Wellness stipend"", ""Health insurance"", ""Transportation allowance"", ""Remote work allowance"", ""Career development budget""]","[""HYBRID"", ""LEAD"", ""HEALTHCARE"", ""HOSPITAL"", ""CLINICAL"", ""DOCUMENTATION""]",https://dummyimage.com/256x256/0f766e/ffffff.png&text=AC,#0f766e,https://jobs.example.com/apply/healthcare-virtual-assistant-aster-cloud-002,False,Lead,2026-08-16T10:00:00Z,7.1907,125.4553,2026-05-24T13:00:00Z,seed-admin@example.com
payroll-specialist-primeledger-003,Payroll Specialist,PrimeLedger,Toronto,ON,Canada,False,Contract,$22 - $29 / hr,22,29,USD,/ hr,PrimeLedger is hiring a Payroll Specialist to support its growing finance team.,"## About the role

PrimeLedger is looking for a entry Payroll Specialist based in Toronto, Canada. You will help the team deliver reliable, user-focused work while collaborating with stakeholders across the organization.

## What you will do

This role is ideal for someone who is organized, proactive, and comfortable learning quickly in a practical work environment.","[""Prepare financial reports, reconciliations, and supporting schedules."", ""Monitor expenses and ensure records are accurate and complete."", ""Support compliance with internal financial policies."", ""Collaborate with cross-functional teams to deliver high-quality work."", ""Identify process improvements and help implement practical solutions.""]","[""Knowledge of accounting principles, spreadsheets, and financial reporting."", ""High attention to detail and comfort with numerical data."", ""0-1 years of relevant experience or equivalent project background."", ""Strong communication, ownership, and problem-solving skills.""]","[""Career development budget"", ""Stock options"", ""Flexible schedule"", ""Health insurance""]","[""CONTRACT"", ""ENTRY"", ""FINANCE"", ""EXCEL"", ""PAYROLL"", ""REPORTING""]",https://dummyimage.com/256x256/ea580c/ffffff.png&text=P,#ea580c,https://jobs.example.com/apply/payroll-specialist-primeledger-003,False,Entry,2026-08-15T10:00:00Z,43.642075,-79.360685,2026-04-24T09:00:00Z,seed-admin@example.com
bookkeeper-visionary-design-co-004,Bookkeeper,Visionary Design Co.,Taguig,Metro Manila,Philippines,False,Contract,₱531 - ₱690 / hr,531,690,PHP,/ hr,Visionary Design Co. is hiring a Bookkeeper to support its growing finance team.,"## About the role

Visionary Design Co. is looking for a senior Bookkeeper based in Taguig, Philippines. You will help the team deliver reliable, user-focused work while collaborating with stakeholders across the organization.

## What you will do

This role is ideal for someone who is organized, proactive, and comfortable learning quickly in a practical work environment.","[""Prepare financial reports, reconciliations, and supporting schedules."", ""Monitor expenses and ensure records are accurate and complete."", ""Support compliance with internal financial policies."", ""Identify process improvements and help implement practical solutions."", ""Collaborate with cross-functional teams to deliver high-quality work.""]","[""Knowledge of accounting principles, spreadsheets, and financial reporting."", ""High attention to detail and comfort with numerical data."", ""5+ years of relevant experience or equivalent project background."", ""Ability to work independently and collaborate with a team.""]","[""Flexible schedule"", ""Paid training"", ""Performance bonuses"", ""Equipment provided"", ""13th month pay"", ""Flexible PTO""]","[""CONTRACT"", ""SENIOR"", ""FINANCE"", ""AUDIT"", ""ACCOUNTING"", ""REPORTING""]",https://dummyimage.com/256x256/be123c/ffffff.png&text=VD,#be123c,https://jobs.example.com/apply/bookkeeper-visionary-design-co-004,False,Senior,2026-08-19T10:00:00Z,14.514676,121.051958,2026-05-13T19:00:00Z,seed-admin@example.com
technical-support-specialist-blueorbit-systems-005,Technical Support Specialist,BlueOrbit Systems,Sydney,NSW,Australia,False,Hybrid,"$45,000 - $53,100 / year",45000,53100,USD,/ year,BlueOrbit Systems is hiring a Technical Support Specialist to support its growing support team.,"## About the role

BlueOrbit Systems is looking for a entry Technical Support Specialist based in Sydney, Australia. You will help the team deliver reliable, user-focused work while collaborating with stakeholders across the organization.

## What you will do

This role is ideal for someone who is organized, proactive, and comfortable learning quickly in a practical work environment.","[""Respond to customer or internal requests through approved channels."", ""Resolve issues accurately while maintaining a helpful tone."", ""Escalate complex concerns with clear context and documentation."", ""Collaborate with cross-functional teams to deliver high-quality work."", ""Identify process improvements and help implement practical solutions.""]","[""Experience with customer service, ticketing tools, or administrative support."", ""Patient, organized, and able to handle repetitive tasks accurately."", ""Strong communication, ownership, and problem-solving skills."", ""0-1 years of relevant experience or equivalent project background.""]","[""Transportation allowance"", ""13th month pay"", ""Stock options"", ""Flexible PTO"", ""Paid training""]","[""HYBRID"", ""ENTRY"", ""SUPPORT"", ""ADMIN"", ""DATA-ENTRY"", ""CUSTOMER-SUPPORT""]",https://dummyimage.com/256x256/ea580c/ffffff.png&text=BS,#ea580c,https://jobs.example.com/apply/technical-support-specialist-blueorbit-systems-005,False,Entry,2026-07-03T10:00:00Z,-33.890651,151.184645,2026-05-05T09:00:00Z,seed-admin@example.com
cloud-engineer-finaxis-partners-006,Cloud Engineer,FinAxis Partners,Bacolod,Negros Occidental,Philippines,False,Contract,₱750 - ₱975 / hr,750,975,PHP,/ hr,FinAxis Partners is hiring a Cloud Engineer to support its growing engineering team.,"## About the role

FinAxis Partners is looking for a lead Cloud Engineer based in Bacolod, Philippines. You will help the team deliver reliable, user-focused work while collaborating with stakeholders across the organization.

## What you will do

This role is ideal for someone who is organized, proactive, and comfortable learning quickly in a practical work environment.","[""Build, test, and maintain scalable application features."", ""Review code and contribute to technical planning."", ""Troubleshoot bugs and improve application performance."", ""Identify process improvements and help implement practical solutions."", ""Document progress, decisions, and important updates clearly.""]","[""Experience with modern development workflows, Git, and debugging."", ""Understanding of APIs, databases, and application architecture."", ""Ability to work independently and collaborate with a team."", ""7+ years of relevant experience or equivalent project background.""]","[""Flexible PTO"", ""Transportation allowance"", ""13th month pay"", ""Flexible schedule"", ""Equipment provided""]","[""CONTRACT"", ""LEAD"", ""ENGINEERING"", ""MOBILE"", ""AWS"", ""SUPABASE""]",https://dummyimage.com/256x256/059669/ffffff.png&text=FP,#059669,https://jobs.example.com/apply/cloud-engineer-finaxis-partners-006,False,Lead,2026-06-29T10:00:00Z,10.673895,122.977394,2026-05-13T18:00:00Z,seed-admin@example.com
accounting-associate-brightpath-careers-007,Accounting Associate,BrightPath Careers,Quezon City,Metro Manila,Philippines,False,Internship,₱137 - ₱178 / hr,137,178,PHP,/ hr,BrightPath Careers is hiring a Accounting Associate to support its growing finance team.,"## About the role

BrightPath Careers is looking for a entry Accounting Associate based in Quezon City, Philippines. You will help the team deliver reliable, user-focused work while collaborating with stakeholders across the organization.

## What you will do

This role is ideal for someone who is organized, proactive, and comfortable learning quickly in a practical work environment.","[""Prepare financial reports, reconciliations, and supporting schedules."", ""Monitor expenses and ensure records are accurate and complete."", ""Support compliance with internal financial policies."", ""Identify process improvements and help implement practical solutions."", ""Document progress, decisions, and important updates clearly.""]","[""Knowledge of accounting principles, spreadsheets, and financial reporting."", ""High attention to detail and comfort with numerical data."", ""Ability to work independently and collaborate with a team."", ""0-1 years of relevant experience or equivalent project background.""]","[""Performance bonuses"", ""HMO coverage"", ""Paid training"", ""Flexible PTO"", ""Retirement plan""]","[""INTERNSHIP"", ""ENTRY"", ""FINANCE"", ""AUDIT"", ""ACCOUNTING"", ""EXCEL""]",https://dummyimage.com/256x256/be123c/ffffff.png&text=BC,#be123c,https://jobs.example.com/apply/accounting-associate-brightpath-careers-007,False,Entry,2026-08-23T10:00:00Z,14.665952,121.020029,2026-04-29T09:00:00Z,seed-admin@example.com
it-helpdesk-associate-lumenstack-008,IT Helpdesk Associate,LumenStack,Iloilo City,Iloilo,Philippines,False,Internship,₱187 - ₱243 / hr,187,243,PHP,/ hr,LumenStack is hiring a IT Helpdesk Associate to support its growing support team.,"## About the role

LumenStack is looking for a junior IT Helpdesk Associate based in Iloilo City, Philippines. You will help the team deliver reliable, user-focused work while collaborating with stakeholders across the organization.

## What you will do

This role is ideal for someone who is organized, proactive, and comfortable learning quickly in a practical work environment.","[""Respond to customer or internal requests through approved channels."", ""Resolve issues accurately while maintaining a helpful tone."", ""Escalate complex concerns with clear context and documentation."", ""Document progress, decisions, and important updates clearly."", ""Collaborate with cross-functional teams to deliver high-quality work.""]","[""Experience with customer service, ticketing tools, or administrative support."", ""Patient, organized, and able to handle repetitive tasks accurately."", ""1+ years of relevant experience or equivalent project background."", ""Ability to work independently and collaborate with a team.""]","[""Equipment provided"", ""Flexible schedule"", ""Wellness stipend"", ""Remote work allowance""]","[""INTERNSHIP"", ""JUNIOR"", ""SUPPORT"", ""TICKETING"", ""HELPDESK"", ""ADMIN""]",https://dummyimage.com/256x256/0f766e/ffffff.png&text=L,#0f766e,https://jobs.example.com/apply/it-helpdesk-associate-lumenstack-008,False,Junior,2026-08-09T10:00:00Z,10.693143,122.550069,2026-05-06T22:00:00Z,seed-admin@example.com
design-systems-specialist-cloudnest-technologies-009,Design Systems Specialist,CloudNest Technologies,Cebu City,Cebu,Philippines,False,Contract,₱750 - ₱975 / hr,750,975,PHP,/ hr,CloudNest Technologies is hiring a Design Systems Specialist to support its growing design team.,"## About the role

CloudNest Technologies is looking for a lead Design Systems Specialist based in Cebu City, Philippines. You will help the team deliver reliable, user-focused work while collaborating with stakeholders across the organization.

## What you will do

This role is ideal for someone who is organized, proactive, and comfortable learning quickly in a practical work environment.","[""Create user flows, wireframes, prototypes, and polished interface designs."", ""Conduct usability reviews and turn feedback into design improvements."", ""Maintain consistent design patterns across product experiences."", ""Document progress, decisions, and important updates clearly."", ""Identify process improvements and help implement practical solutions.""]","[""Strong portfolio showing product thinking and visual design quality."", ""Experience using Figma or similar design tools."", ""Strong communication, ownership, and problem-solving skills."", ""Ability to work independently and collaborate with a team.""]","[""Flexible schedule"", ""Transportation allowance"", ""Paid training"", ""13th month pay"", ""Wellness stipend"", ""Stock options""]","[""CONTRACT"", ""LEAD"", ""DESIGN"", ""RESEARCH"", ""UI"", ""PROTOTYPING""]",https://dummyimage.com/256x256/0f766e/ffffff.png&text=CT,#0f766e,https://jobs.example.com/apply/design-systems-specialist-cloudnest-technologies-009,False,Lead,2026-06-18T10:00:00Z,10.343681,123.920171,2026-05-05T15:00:00Z,seed-admin@example.com
operations-manager-growthgrid-media-010,Operations Manager,GrowthGrid Media,Sydney,NSW,Australia,False,Full-time,"$95,000 - $112,100 / year",95000,112100,USD,/ year,GrowthGrid Media is hiring a Operations Manager to support its growing business team.,"## About the role

GrowthGrid Media is looking for a mid Operations Manager based in Sydney, Australia. You will help the team deliver reliable, user-focused work while collaborating with stakeholders across the organization.

## What you will do

This role is ideal for someone who is organized, proactive, and comfortable learning quickly in a practical work environment.","[""Gather requirements and coordinate timelines with stakeholders."", ""Track operational metrics and prepare reports for leadership."", ""Support planning, execution, and follow-through of business initiatives."", ""Collaborate with cross-functional teams to deliver high-quality work."", ""Identify process improvements and help implement practical solutions.""]","[""Experience coordinating projects, stakeholders, or operational workflows."", ""Comfortable preparing reports and presenting recommendations."", ""Ability to work independently and collaborate with a team."", ""Strong communication, ownership, and problem-solving skills.""]","[""Flexible schedule"", ""Health insurance"", ""Transportation allowance"", ""Paid training""]","[""FULL-TIME"", ""MID"", ""BUSINESS"", ""CRM"", ""COMMUNICATION"", ""PRODUCT""]",https://dummyimage.com/256x256/2563eb/ffffff.png&text=GM,#2563eb,https://jobs.example.com/apply/operations-manager-growthgrid-media-010,True,Mid,2026-06-13T10:00:00Z,-33.853459,151.220703,2026-05-01T02:00:00Z,seed-admin@example.com
sales-development-representative-quantum-street-011,Sales Development Representative,Quantum Street,New York,NY,USA,True,Remote,"$95,000 - $112,100 / year",95000,112100,USD,/ year,Quantum Street is hiring a Sales Development Representative to support its growing business team.,"## About the role

Quantum Street is looking for a mid Sales Development Representative based in Remote. You will help the team deliver reliable, user-focused work while collaborating with stakeholders across the organization.

## What you will do

This role is ideal for someone who is organized, proactive, and comfortable learning quickly in a practical work environment.","[""Gather requirements and coordinate timelines with stakeholders."", ""Track operational metrics and prepare reports for leadership."", ""Support planning, execution, and follow-through of business initiatives."", ""Identify process improvements and help implement practical solutions."", ""Collaborate with cross-functional teams to deliver high-quality work.""]","[""Experience coordinating projects, stakeholders, or operational workflows."", ""Comfortable preparing reports and presenting recommendations."", ""3+ years of relevant experience or equivalent project background."", ""Ability to work independently and collaborate with a team.""]","[""Wellness stipend"", ""Stock options"", ""Remote work allowance"", ""Flexible PTO"", ""Health insurance"", ""Paid training""]","[""REMOTE"", ""MID"", ""BUSINESS"", ""PRODUCT"", ""PROJECT-MANAGEMENT"", ""OPERATIONS""]",https://dummyimage.com/256x256/be123c/ffffff.png&text=QS,#be123c,https://jobs.example.com/apply/sales-development-representative-quantum-street-011,False,Mid,2026-06-17T10:00:00Z,40.7128,-74.006,2026-05-15T14:00:00Z,seed-admin@example.com
radiologic-technologist-northstar-labs-012,Radiologic Technologist,Northstar Labs,New York,NY,USA,False,Hybrid,"$45,000 - $53,100 / year",45000,53100,USD,/ year,Northstar Labs is hiring a Radiologic Technologist to support its growing healthcare team.,"## About the role

Northstar Labs is looking for a entry Radiologic Technologist based in New York, USA. You will help the team deliver reliable, user-focused work while collaborating with stakeholders across the organization.

## What you will do

This role is ideal for someone who is organized, proactive, and comfortable learning quickly in a practical work environment.","[""Provide safe, organized, and patient-centered support."", ""Maintain accurate records and follow clinical documentation standards."", ""Coordinate with medical staff to ensure smooth daily operations."", ""Identify process improvements and help implement practical solutions."", ""Document progress, decisions, and important updates clearly.""]","[""Relevant healthcare training, certification, or clinical experience."", ""Knowledge of patient safety, confidentiality, and documentation standards."", ""Strong communication, ownership, and problem-solving skills."", ""0-1 years of relevant experience or equivalent project background.""]","[""Equipment provided"", ""13th month pay"", ""Flexible PTO"", ""Transportation allowance"", ""Wellness stipend"", ""Remote work allowance""]","[""HYBRID"", ""ENTRY"", ""HEALTHCARE"", ""PATIENT-CARE"", ""CLINICAL""]",https://dummyimage.com/256x256/4f46e5/ffffff.png&text=NL,#4f46e5,https://jobs.example.com/apply/radiologic-technologist-northstar-labs-012,False,Entry,2026-06-12T10:00:00Z,40.702679,-73.99222,2026-05-18T05:00:00Z,seed-admin@example.com
audit-associate-growthgrid-media-013,Audit Associate,GrowthGrid Media,Remote,Iloilo,Philippines,True,Remote,"₱50,000 - ₱62,500 / month",50000,62500,PHP,/ month,GrowthGrid Media is hiring a Audit Associate to support its growing finance team.,"## About the role

GrowthGrid Media is looking for a mid Audit Associate based in Remote. You will help the team deliver reliable, user-focused work while collaborating with stakeholders across the organization.

## What you will do

This role is ideal for someone who is organized, proactive, and comfortable learning quickly in a practical work environment.","[""Prepare financial reports, reconciliations, and supporting schedules."", ""Monitor expenses and ensure records are accurate and complete."", ""Support compliance with internal financial policies."", ""Document progress, decisions, and important updates clearly."", ""Identify process improvements and help implement practical solutions.""]","[""Knowledge of accounting principles, spreadsheets, and financial reporting."", ""High attention to detail and comfort with numerical data."", ""Strong communication, ownership, and problem-solving skills."", ""Ability to work independently and collaborate with a team.""]","[""Meal allowance"", ""Stock options"", ""Remote work allowance"", ""Flexible PTO"", ""Equipment provided"", ""Flexible schedule""]","[""REMOTE"", ""MID"", ""FINANCE"", ""REPORTING"", ""EXCEL"", ""PAYROLL""]",https://dummyimage.com/256x256/059669/ffffff.png&text=GM,#059669,https://jobs.example.com/apply/audit-associate-growthgrid-media-013,False,Mid,2026-08-17T10:00:00Z,10.7202,122.5621,2026-04-24T20:00:00Z,seed-admin@example.com
growth-marketing-manager-finaxis-partners-014,Growth Marketing Manager,FinAxis Partners,San Francisco,CA,USA,False,Contract,$32 - $43 / hr,32,43,USD,/ hr,FinAxis Partners is hiring a Growth Marketing Manager to support its growing marketing team.,"## About the role

FinAxis Partners is looking for a junior Growth Marketing Manager based in San Francisco, USA. You will help the team deliver reliable, user-focused work while collaborating with stakeholders across the organization.

## What you will do

This role is ideal for someone who is organized, proactive, and comfortable learning quickly in a practical work environment.","[""Plan and execute campaigns across relevant digital channels."", ""Analyze campaign performance and recommend improvements."", ""Create content that supports brand awareness and conversion goals."", ""Identify process improvements and help implement practical solutions."", ""Collaborate with cross-functional teams to deliver high-quality work.""]","[""Experience with campaign planning, analytics, and content execution."", ""Comfortable interpreting performance metrics and testing improvements."", ""1+ years of relevant experience or equivalent project background."", ""Ability to work independently and collaborate with a team.""]","[""HMO coverage"", ""Equipment provided"", ""Transportation allowance"", ""Health insurance"", ""Performance bonuses"", ""Flexible schedule""]","[""CONTRACT"", ""JUNIOR"", ""MARKETING"", ""SEO"", ""COPYWRITING"", ""SOCIAL-MEDIA""]",https://dummyimage.com/256x256/4f46e5/ffffff.png&text=FP,#4f46e5,https://jobs.example.com/apply/growth-marketing-manager-finaxis-partners-014,False,Junior,2026-08-15T10:00:00Z,37.756344,-122.451903,2026-05-01T10:00:00Z,seed-admin@example.com
computer-science-instructor-novahire-group-015,Computer Science Instructor,NovaHire Group,San Francisco,CA,USA,False,Contract,$47 - $63 / hr,47,63,USD,/ hr,NovaHire Group is hiring a Computer Science Instructor to support its growing education team.,"## About the role

NovaHire Group is looking for a mid Computer Science Instructor based in San Francisco, USA. You will help the team deliver reliable, user-focused work while collaborating with stakeholders across the organization.

## What you will do

This role is ideal for someone who is organized, proactive, and comfortable learning quickly in a practical work environment.","[""Design or deliver learning experiences that support student outcomes."", ""Assess learner progress and provide actionable feedback."", ""Improve learning materials based on learner needs."", ""Collaborate with cross-functional teams to deliver high-quality work."", ""Document progress, decisions, and important updates clearly.""]","[""Experience teaching, training, tutoring, or building learning materials."", ""Ability to simplify complex topics for learners."", ""3+ years of relevant experience or equivalent project background."", ""Strong communication, ownership, and problem-solving skills.""]","[""Paid training"", ""Equipment provided"", ""Wellness stipend"", ""HMO coverage""]","[""CONTRACT"", ""MID"", ""EDUCATION"", ""E-LEARNING"", ""TEACHING"", ""TRAINING""]",https://dummyimage.com/256x256/be123c/ffffff.png&text=NG,#be123c,https://jobs.example.com/apply/computer-science-instructor-novahire-group-015,True,Mid,2026-08-06T10:00:00Z,37.77929,-122.459268,2026-04-18T13:00:00Z,seed-admin@example.com
financial-analyst-orbitly-016,Financial Analyst,Orbitly,Cebu City,Cebu,Philippines,False,Part-time,₱750 - ₱975 / hr,750,975,PHP,/ hr,Orbitly is hiring a Financial Analyst to support its growing finance team.,"## About the role

Orbitly is looking for a lead Financial Analyst based in Cebu City, Philippines. You will help the team deliver reliable, user-focused work while collaborating with stakeholders across the organization.

## What you will do

This role is ideal for someone who is organized, proactive, and comfortable learning quickly in a practical work environment.","[""Prepare financial reports, reconciliations, and supporting schedules."", ""Monitor expenses and ensure records are accurate and complete."", ""Support compliance with internal financial policies."", ""Identify process improvements and help implement practical solutions."", ""Document progress, decisions, and important updates clearly.""]","[""Knowledge of accounting principles, spreadsheets, and financial reporting."", ""High attention to detail and comfort with numerical data."", ""7+ years of relevant experience or equivalent project background."", ""Ability to work independently and collaborate with a team.""]","[""Equipment provided"", ""Retirement plan"", ""Performance bonuses"", ""Paid training"", ""Flexible schedule"", ""Transportation allowance"", ""HMO coverage""]","[""PART-TIME"", ""LEAD"", ""FINANCE"", ""ACCOUNTING"", ""PAYROLL"", ""AUDIT""]",https://dummyimage.com/256x256/1a365d/ffffff.png&text=O,#1a365d,https://jobs.example.com/apply/financial-analyst-orbitly-016,False,Lead,2026-06-20T10:00:00Z,10.332268,123.884443,2026-04-26T04:00:00Z,seed-admin@example.com
data-entry-specialist-kindredcare-clinics-017,Data Entry Specialist,KindredCare Clinics,Iloilo City,Iloilo,Philippines,False,Full-time,"₱50,000 - ₱62,500 / month",50000,62500,PHP,/ month,KindredCare Clinics is hiring a Data Entry Specialist to support its growing support team.,"## About the role

KindredCare Clinics is looking for a mid Data Entry Specialist based in Iloilo City, Philippines. You will help the team deliver reliable, user-focused work while collaborating with stakeholders across the organization.

## What you will do

This role is ideal for someone who is organized, proactive, and comfortable learning quickly in a practical work environment.","[""Respond to customer or internal requests through approved channels."", ""Resolve issues accurately while maintaining a helpful tone."", ""Escalate complex concerns with clear context and documentation."", ""Document progress, decisions, and important updates clearly."", ""Identify process improvements and help implement practical solutions.""]","[""Experience with customer service, ticketing tools, or administrative support."", ""Patient, organized, and able to handle repetitive tasks accurately."", ""Strong communication, ownership, and problem-solving skills."", ""Ability to work independently and collaborate with a team.""]","[""Paid training"", ""Meal allowance"", ""Remote work allowance"", ""Wellness stipend"", ""Performance bonuses"", ""Flexible PTO"", ""Transportation allowance""]","[""FULL-TIME"", ""MID"", ""SUPPORT"", ""TICKETING"", ""HELPDESK"", ""ADMIN""]",https://dummyimage.com/256x256/0891b2/ffffff.png&text=KC,#0891b2,https://jobs.example.com/apply/data-entry-specialist-kindredcare-clinics-017,False,Mid,2026-06-24T10:00:00Z,10.702667,122.564599,2026-05-24T07:00:00Z,seed-admin@example.com
site-reliability-engineer-mangobyte-apps-018,Site Reliability Engineer,MangoByte Apps,Remote,Metro Manila,Philippines,True,Remote,"₱85,000 - ₱106,250 / month",85000,106250,PHP,/ month,MangoByte Apps is hiring a Site Reliability Engineer to support its growing engineering team.,"## About the role

MangoByte Apps is looking for a senior Site Reliability Engineer based in Remote. You will help the team deliver reliable, user-focused work while collaborating with stakeholders across the organization.

## What you will do

This role is ideal for someone who is organized, proactive, and comfortable learning quickly in a practical work environment.","[""Build, test, and maintain scalable application features."", ""Review code and contribute to technical planning."", ""Troubleshoot bugs and improve application performance."", ""Identify process improvements and help implement practical solutions."", ""Document progress, decisions, and important updates clearly.""]","[""Experience with modern development workflows, Git, and debugging."", ""Understanding of APIs, databases, and application architecture."", ""Ability to work independently and collaborate with a team."", ""Strong communication, ownership, and problem-solving skills.""]","[""Wellness stipend"", ""Meal allowance"", ""Retirement plan"", ""Stock options"", ""13th month pay"", ""HMO coverage"", ""Flexible PTO""]","[""REMOTE"", ""SENIOR"", ""ENGINEERING"", ""JAVASCRIPT"", ""API"", ""TESTING""]",https://dummyimage.com/256x256/059669/ffffff.png&text=MA,#059669,https://jobs.example.com/apply/site-reliability-engineer-mangobyte-apps-018,False,Senior,2026-07-03T10:00:00Z,14.5547,121.0244,2026-04-15T02:00:00Z,seed-admin@example.com
site-reliability-engineer-carepoint-medical-019,Site Reliability Engineer,CarePoint Medical,Iloilo City,Iloilo,Philippines,True,Remote,"₱22,000 - ₱27,500 / month",22000,27500,PHP,/ month,CarePoint Medical is hiring a Site Reliability Engineer to support its growing engineering team.,"## About the role

CarePoint Medical is looking for a entry Site Reliability Engineer based in Remote. You will help the team deliver reliable, user-focused work while collaborating with stakeholders across the organization.

## What you will do

This role is ideal for someone who is organized, proactive, and comfortable learning quickly in a practical work environment.","[""Build, test, and maintain scalable application features."", ""Review code and contribute to technical planning."", ""Troubleshoot bugs and improve application performance."", ""Identify process improvements and help implement practical solutions."", ""Document progress, decisions, and important updates clearly.""]","[""Experience with modern development workflows, Git, and debugging."", ""Understanding of APIs, databases, and application architecture."", ""Ability to work independently and collaborate with a team."", ""Strong communication, ownership, and problem-solving skills.""]","[""Paid training"", ""Retirement plan"", ""Meal allowance"", ""Equipment provided"", ""Flexible PTO"", ""Career development budget""]","[""REMOTE"", ""ENTRY"", ""ENGINEERING"", ""MOBILE"", ""SUPABASE"", ""API""]",https://dummyimage.com/256x256/059669/ffffff.png&text=CM,#059669,https://jobs.example.com/apply/site-reliability-engineer-carepoint-medical-019,False,Entry,2026-07-13T10:00:00Z,10.7202,122.5621,2026-05-21T18:00:00Z,seed-admin@example.com
design-systems-specialist-pixelforge-studio-020,Design Systems Specialist,PixelForge Studio,Davao City,Davao del Sur,Philippines,False,Full-time,"₱50,000 - ₱62,500 / month",50000,62500,PHP,/ month,PixelForge Studio is hiring a Design Systems Specialist to support its growing design team.,"## About the role

PixelForge Studio is looking for a mid Design Systems Specialist based in Davao City, Philippines. You will help the team deliver reliable, user-focused work while collaborating with stakeholders across the organization.

## What you will do

This role is ideal for someone who is organized, proactive, and comfortable learning quickly in a practical work environment.","[""Create user flows, wireframes, prototypes, and polished interface designs."", ""Conduct usability reviews and turn feedback into design improvements."", ""Maintain consistent design patterns across product experiences."", ""Collaborate with cross-functional teams to deliver high-quality work."", ""Identify process improvements and help implement practical solutions.""]","[""Strong portfolio showing product thinking and visual design quality."", ""Experience using Figma or similar design tools."", ""Strong communication, ownership, and problem-solving skills."", ""Ability to work independently and collaborate with a team.""]","[""HMO coverage"", ""Transportation allowance"", ""Retirement plan"", ""Wellness stipend"", ""Equipment provided"", ""Stock options"", ""Health insurance""]","[""FULL-TIME"", ""MID"", ""DESIGN"", ""PROTOTYPING"", ""UX"", ""FIGMA""]",https://dummyimage.com/256x256/0891b2/ffffff.png&text=PS,#0891b2,https://jobs.example.com/apply/design-systems-specialist-pixelforge-studio-020,False,Mid,2026-06-14T10:00:00Z,7.189956,125.420112,2026-04-25T21:00:00Z,seed-admin@example.com
audit-associate-primeledger-021,Audit Associate,PrimeLedger,San Francisco,CA,USA,False,Full-time,"$135,000 - $159,300 / year",135000,159300,USD,/ year,PrimeLedger is hiring a Audit Associate to support its growing finance team.,"## About the role

PrimeLedger is looking for a senior Audit Associate based in San Francisco, USA. You will help the team deliver reliable, user-focused work while collaborating with stakeholders across the organization.

## What you will do

This role is ideal for someone who is organized, proactive, and comfortable learning quickly in a practical work environment.","[""Prepare financial reports, reconciliations, and supporting schedules."", ""Monitor expenses and ensure records are accurate and complete."", ""Support compliance with internal financial policies."", ""Identify process improvements and help implement practical solutions."", ""Collaborate with cross-functional teams to deliver high-quality work.""]","[""Knowledge of accounting principles, spreadsheets, and financial reporting."", ""High attention to detail and comfort with numerical data."", ""Strong communication, ownership, and problem-solving skills."", ""5+ years of relevant experience or equivalent project background.""]","[""Meal allowance"", ""Transportation allowance"", ""Retirement plan"", ""Paid training""]","[""FULL-TIME"", ""SENIOR"", ""FINANCE"", ""EXCEL"", ""REPORTING""]",https://dummyimage.com/256x256/7c3aed/ffffff.png&text=P,#7c3aed,https://jobs.example.com/apply/audit-associate-primeledger-021,True,Senior,2026-08-11T10:00:00Z,37.757879,-122.398804,2026-05-19T17:00:00Z,seed-admin@example.com
business-analyst-brightpath-careers-022,Business Analyst,BrightPath Careers,Davao City,Davao del Sur,Philippines,False,Contract,₱750 - ₱975 / hr,750,975,PHP,/ hr,BrightPath Careers is hiring a Business Analyst to support its growing business team.,"## About the role

BrightPath Careers is looking for a lead Business Analyst based in Davao City, Philippines. You will help the team deliver reliable, user-focused work while collaborating with stakeholders across the organization.

## What you will do

This role is ideal for someone who is organized, proactive, and comfortable learning quickly in a practical work environment.","[""Gather requirements and coordinate timelines with stakeholders."", ""Track operational metrics and prepare reports for leadership."", ""Support planning, execution, and follow-through of business initiatives."", ""Document progress, decisions, and important updates clearly."", ""Collaborate with cross-functional teams to deliver high-quality work.""]","[""Experience coordinating projects, stakeholders, or operational workflows."", ""Comfortable preparing reports and presenting recommendations."", ""7+ years of relevant experience or equivalent project background."", ""Ability to work independently and collaborate with a team.""]","[""Equipment provided"", ""Wellness stipend"", ""Remote work allowance"", ""HMO coverage"", ""Paid training""]","[""CONTRACT"", ""LEAD"", ""BUSINESS"", ""SALES"", ""COMMUNICATION"", ""PRODUCT""]",https://dummyimage.com/256x256/0f766e/ffffff.png&text=BC,#0f766e,https://jobs.example.com/apply/business-analyst-brightpath-careers-022,True,Lead,2026-06-18T10:00:00Z,7.200745,125.467178,2026-05-22T07:00:00Z,seed-admin@example.com
graphic-designer-growthgrid-media-023,Graphic Designer,GrowthGrid Media,Quezon City,Metro Manila,Philippines,False,Full-time,"₱120,000 - ₱150,000 / month",120000,150000,PHP,/ month,GrowthGrid Media is hiring a Graphic Designer to support its growing design team.,"## About the role

GrowthGrid Media is looking for a lead Graphic Designer based in Quezon City, Philippines. You will help the team deliver reliable, user-focused work while collaborating with stakeholders across the organization.

## What you will do

This role is ideal for someone who is organized, proactive, and comfortable learning quickly in a practical work environment.","[""Create user flows, wireframes, prototypes, and polished interface designs."", ""Conduct usability reviews and turn feedback into design improvements."", ""Maintain consistent design patterns across product experiences."", ""Identify process improvements and help implement practical solutions."", ""Document progress, decisions, and important updates clearly.""]","[""Strong portfolio showing product thinking and visual design quality."", ""Experience using Figma or similar design tools."", ""Strong communication, ownership, and problem-solving skills."", ""Ability to work independently and collaborate with a team.""]","[""Transportation allowance"", ""Flexible schedule"", ""Career development budget"", ""Meal allowance"", ""Equipment provided""]","[""FULL-TIME"", ""LEAD"", ""DESIGN"", ""FIGMA"", ""UI"", ""RESEARCH""]",https://dummyimage.com/256x256/0891b2/ffffff.png&text=GM,#0891b2,https://jobs.example.com/apply/graphic-designer-growthgrid-media-023,False,Lead,2026-07-21T10:00:00Z,14.69624,121.082049,2026-05-20T09:00:00Z,seed-admin@example.com
customer-success-manager-orbitly-024,Customer Success Manager,Orbitly,Makati,Metro Manila,Philippines,False,Full-time,"₱85,000 - ₱106,250 / month",85000,106250,PHP,/ month,Orbitly is hiring a Customer Success Manager to support its growing business team.,"## About the role

Orbitly is looking for a senior Customer Success Manager based in Makati, Philippines. You will help the team deliver reliable, user-focused work while collaborating with stakeholders across the organization.

## What you will do

This role is ideal for someone who is organized, proactive, and comfortable learning quickly in a practical work environment.","[""Gather requirements and coordinate timelines with stakeholders."", ""Track operational metrics and prepare reports for leadership."", ""Support planning, execution, and follow-through of business initiatives."", ""Identify process improvements and help implement practical solutions."", ""Collaborate with cross-functional teams to deliver high-quality work.""]","[""Experience coordinating projects, stakeholders, or operational workflows."", ""Comfortable preparing reports and presenting recommendations."", ""Strong communication, ownership, and problem-solving skills."", ""Ability to work independently and collaborate with a team.""]","[""Flexible schedule"", ""Transportation allowance"", ""Performance bonuses"", ""Flexible PTO""]","[""FULL-TIME"", ""SENIOR"", ""BUSINESS"", ""SALES"", ""COMMUNICATION"", ""OPERATIONS""]",https://dummyimage.com/256x256/4f46e5/ffffff.png&text=O,#4f46e5,https://jobs.example.com/apply/customer-success-manager-orbitly-024,False,Senior,2026-07-03T10:00:00Z,14.535834,121.032388,2026-04-25T12:00:00Z,seed-admin@example.com
customer-support-representative-aster-cloud-025,Customer Support Representative,Aster Cloud,Kuala Lumpur,Federal Territory,Malaysia,False,Part-time,$67 - $90 / hr,67,90,USD,/ hr,Aster Cloud is hiring a Customer Support Representative to support its growing support team.,"## About the role

Aster Cloud is looking for a senior Customer Support Representative based in Kuala Lumpur, Malaysia. You will help the team deliver reliable, user-focused work while collaborating with stakeholders across the organization.

## What you will do

This role is ideal for someone who is organized, proactive, and comfortable learning quickly in a practical work environment.","[""Respond to customer or internal requests through approved channels."", ""Resolve issues accurately while maintaining a helpful tone."", ""Escalate complex concerns with clear context and documentation."", ""Identify process improvements and help implement practical solutions."", ""Collaborate with cross-functional teams to deliver high-quality work.""]","[""Experience with customer service, ticketing tools, or administrative support."", ""Patient, organized, and able to handle repetitive tasks accurately."", ""Strong communication, ownership, and problem-solving skills."", ""5+ years of relevant experience or equivalent project background.""]","[""13th month pay"", ""Flexible PTO"", ""Meal allowance"", ""Stock options"", ""Paid training""]","[""PART-TIME"", ""SENIOR"", ""SUPPORT"", ""TICKETING"", ""HELPDESK"", ""ADMIN""]",https://dummyimage.com/256x256/7c3aed/ffffff.png&text=AC,#7c3aed,https://jobs.example.com/apply/customer-support-representative-aster-cloud-025,False,Senior,2026-06-27T10:00:00Z,3.118907,101.720607,2026-04-24T18:00:00Z,seed-admin@example.com
digital-marketing-specialist-northstar-labs-026,Digital Marketing Specialist,Northstar Labs,Remote,Metro Manila,Philippines,True,Remote,"₱50,000 - ₱62,500 / month",50000,62500,PHP,/ month,Northstar Labs is hiring a Digital Marketing Specialist to support its growing marketing team.,"## About the role

Northstar Labs is looking for a mid Digital Marketing Specialist based in Remote. You will help the team deliver reliable, user-focused work while collaborating with stakeholders across the organization.

## What you will do

This role is ideal for someone who is organized, proactive, and comfortable learning quickly in a practical work environment.","[""Plan and execute campaigns across relevant digital channels."", ""Analyze campaign performance and recommend improvements."", ""Create content that supports brand awareness and conversion goals."", ""Identify process improvements and help implement practical solutions."", ""Collaborate with cross-functional teams to deliver high-quality work.""]","[""Experience with campaign planning, analytics, and content execution."", ""Comfortable interpreting performance metrics and testing improvements."", ""Strong communication, ownership, and problem-solving skills."", ""Ability to work independently and collaborate with a team.""]","[""Flexible PTO"", ""Meal allowance"", ""Career development budget"", ""13th month pay"", ""Equipment provided"", ""Wellness stipend""]","[""REMOTE"", ""MID"", ""MARKETING"", ""SEO"", ""SOCIAL-MEDIA"", ""COPYWRITING""]",https://dummyimage.com/256x256/0f766e/ffffff.png&text=NL,#0f766e,https://jobs.example.com/apply/digital-marketing-specialist-northstar-labs-026,False,Mid,2026-07-04T10:00:00Z,14.5995,120.9842,2026-05-02T11:00:00Z,seed-admin@example.com
technical-support-specialist-aster-cloud-027,Technical Support Specialist,Aster Cloud,Bacolod,Negros Occidental,Philippines,False,Internship,₱187 - ₱243 / hr,187,243,PHP,/ hr,Aster Cloud is hiring a Technical Support Specialist to support its growing support team.,"## About the role

Aster Cloud is looking for a junior Technical Support Specialist based in Bacolod, Philippines. You will help the team deliver reliable, user-focused work while collaborating with stakeholders across the organization.

## What you will do

This role is ideal for someone who is organized, proactive, and comfortable learning quickly in a practical work environment.","[""Respond to customer or internal requests through approved channels."", ""Resolve issues accurately while maintaining a helpful tone."", ""Escalate complex concerns with clear context and documentation."", ""Identify process improvements and help implement practical solutions."", ""Document progress, decisions, and important updates clearly.""]","[""Experience with customer service, ticketing tools, or administrative support."", ""Patient, organized, and able to handle repetitive tasks accurately."", ""1+ years of relevant experience or equivalent project background."", ""Ability to work independently and collaborate with a team.""]","[""13th month pay"", ""HMO coverage"", ""Remote work allowance"", ""Meal allowance""]","[""INTERNSHIP"", ""JUNIOR"", ""SUPPORT"", ""TICKETING"", ""CUSTOMER-SUPPORT"", ""DATA-ENTRY""]",https://dummyimage.com/256x256/059669/ffffff.png&text=AC,#059669,https://jobs.example.com/apply/technical-support-specialist-aster-cloud-027,False,Junior,2026-08-19T10:00:00Z,10.687128,122.9477,2026-04-26T22:00:00Z,seed-admin@example.com
operations-manager-greenline-health-028,Operations Manager,Greenline Health,Bacolod,Negros Occidental,Philippines,False,Part-time,₱137 - ₱178 / hr,137,178,PHP,/ hr,Greenline Health is hiring a Operations Manager to support its growing business team.,"## About the role

Greenline Health is looking for a entry Operations Manager based in Bacolod, Philippines. You will help the team deliver reliable, user-focused work while collaborating with stakeholders across the organization.

## What you will do

This role is ideal for someone who is organized, proactive, and comfortable learning quickly in a practical work environment.","[""Gather requirements and coordinate timelines with stakeholders."", ""Track operational metrics and prepare reports for leadership."", ""Support planning, execution, and follow-through of business initiatives."", ""Document progress, decisions, and important updates clearly."", ""Identify process improvements and help implement practical solutions.""]","[""Experience coordinating projects, stakeholders, or operational workflows."", ""Comfortable preparing reports and presenting recommendations."", ""Ability to work independently and collaborate with a team."", ""Strong communication, ownership, and problem-solving skills.""]","[""Remote work allowance"", ""Stock options"", ""Equipment provided"", ""Flexible schedule"", ""Health insurance""]","[""PART-TIME"", ""ENTRY"", ""BUSINESS"", ""OPERATIONS"", ""COMMUNICATION"", ""PRODUCT""]",https://dummyimage.com/256x256/0891b2/ffffff.png&text=GH,#0891b2,https://jobs.example.com/apply/operations-manager-greenline-health-028,False,Entry,2026-06-25T10:00:00Z,10.688355,122.928799,2026-04-26T17:00:00Z,seed-admin@example.com
instructional-designer-aster-cloud-029,Instructional Designer,Aster Cloud,Davao City,Davao del Sur,Philippines,True,Remote,"₱30,000 - ₱37,500 / month",30000,37500,PHP,/ month,Aster Cloud is hiring a Instructional Designer to support its growing education team.,"## About the role

Aster Cloud is looking for a junior Instructional Designer based in Remote. You will help the team deliver reliable, user-focused work while collaborating with stakeholders across the organization.

## What you will do

This role is ideal for someone who is organized, proactive, and comfortable learning quickly in a practical work environment.","[""Design or deliver learning experiences that support student outcomes."", ""Assess learner progress and provide actionable feedback."", ""Improve learning materials based on learner needs."", ""Identify process improvements and help implement practical solutions."", ""Document progress, decisions, and important updates clearly.""]","[""Experience teaching, training, tutoring, or building learning materials."", ""Ability to simplify complex topics for learners."", ""Ability to work independently and collaborate with a team."", ""1+ years of relevant experience or equivalent project background.""]","[""Meal allowance"", ""Retirement plan"", ""Wellness stipend"", ""Flexible PTO"", ""Paid training"", ""Transportation allowance""]","[""REMOTE"", ""JUNIOR"", ""EDUCATION"", ""TRAINING"", ""CURRICULUM"", ""E-LEARNING""]",https://dummyimage.com/256x256/0891b2/ffffff.png&text=AC,#0891b2,https://jobs.example.com/apply/instructional-designer-aster-cloud-029,False,Junior,2026-07-09T10:00:00Z,7.1907,125.4553,2026-04-25T14:00:00Z,seed-admin@example.com
academic-coordinator-cloudnest-technologies-030,Academic Coordinator,CloudNest Technologies,London,England,United Kingdom,True,Remote,"$170,000 - $200,600 / year",170000,200600,USD,/ year,CloudNest Technologies is hiring a Academic Coordinator to support its growing education team.,"## About the role

CloudNest Technologies is looking for a lead Academic Coordinator based in Remote. You will help the team deliver reliable, user-focused work while collaborating with stakeholders across the organization.

## What you will do

This role is ideal for someone who is organized, proactive, and comfortable learning quickly in a practical work environment.","[""Design or deliver learning experiences that support student outcomes."", ""Assess learner progress and provide actionable feedback."", ""Improve learning materials based on learner needs."", ""Collaborate with cross-functional teams to deliver high-quality work."", ""Identify process improvements and help implement practical solutions.""]","[""Experience teaching, training, tutoring, or building learning materials."", ""Ability to simplify complex topics for learners."", ""7+ years of relevant experience or equivalent project background."", ""Strong communication, ownership, and problem-solving skills.""]","[""Retirement plan"", ""Flexible schedule"", ""Paid training"", ""Career development budget"", ""Transportation allowance"", ""Remote work allowance""]","[""REMOTE"", ""LEAD"", ""EDUCATION"", ""TRAINING"", ""LMS"", ""TEACHING""]",https://dummyimage.com/256x256/ea580c/ffffff.png&text=CT,#ea580c,https://jobs.example.com/apply/academic-coordinator-cloudnest-technologies-030,False,Lead,2026-07-28T10:00:00Z,51.5072,-0.1276,2026-04-17T17:00:00Z,seed-admin@example.com
radiologic-technologist-kindredcare-clinics-031,Radiologic Technologist,KindredCare Clinics,New York,NY,USA,False,Full-time,"$135,000 - $159,300 / year",135000,159300,USD,/ year,KindredCare Clinics is hiring a Radiologic Technologist to support its growing healthcare team.,"## About the role

KindredCare Clinics is looking for a senior Radiologic Technologist based in New York, USA. You will help the team deliver reliable, user-focused work while collaborating with stakeholders across the organization.

## What you will do

This role is ideal for someone who is organized, proactive, and comfortable learning quickly in a practical work environment.","[""Provide safe, organized, and patient-centered support."", ""Maintain accurate records and follow clinical documentation standards."", ""Coordinate with medical staff to ensure smooth daily operations."", ""Document progress, decisions, and important updates clearly."", ""Collaborate with cross-functional teams to deliver high-quality work.""]","[""Relevant healthcare training, certification, or clinical experience."", ""Knowledge of patient safety, confidentiality, and documentation standards."", ""5+ years of relevant experience or equivalent project background."", ""Strong communication, ownership, and problem-solving skills.""]","[""Flexible PTO"", ""Paid training"", ""Health insurance"", ""Career development budget"", ""Remote work allowance"", ""Performance bonuses""]","[""FULL-TIME"", ""SENIOR"", ""HEALTHCARE"", ""PATIENT-CARE"", ""HOSPITAL"", ""CLINICAL""]",https://dummyimage.com/256x256/0f766e/ffffff.png&text=KC,#0f766e,https://jobs.example.com/apply/radiologic-technologist-kindredcare-clinics-031,False,Senior,2026-08-01T10:00:00Z,40.743626,-74.001178,2026-05-08T01:00:00Z,seed-admin@example.com
virtual-assistant-harborpoint-solutions-032,Virtual Assistant,HarborPoint Solutions,Makati,Metro Manila,Philippines,False,Part-time,₱531 - ₱690 / hr,531,690,PHP,/ hr,HarborPoint Solutions is hiring a Virtual Assistant to support its growing support team.,"## About the role

HarborPoint Solutions is looking for a senior Virtual Assistant based in Makati, Philippines. You will help the team deliver reliable, user-focused work while collaborating with stakeholders across the organization.

## What you will do

This role is ideal for someone who is organized, proactive, and comfortable learning quickly in a practical work environment.","[""Respond to customer or internal requests through approved channels."", ""Resolve issues accurately while maintaining a helpful tone."", ""Escalate complex concerns with clear context and documentation."", ""Identify process improvements and help implement practical solutions."", ""Collaborate with cross-functional teams to deliver high-quality work.""]","[""Experience with customer service, ticketing tools, or administrative support."", ""Patient, organized, and able to handle repetitive tasks accurately."", ""5+ years of relevant experience or equivalent project background."", ""Ability to work independently and collaborate with a team.""]","[""Meal allowance"", ""Paid training"", ""HMO coverage"", ""Equipment provided"", ""Performance bonuses""]","[""PART-TIME"", ""SENIOR"", ""SUPPORT"", ""DATA-ENTRY"", ""HELPDESK"", ""ADMIN""]",https://dummyimage.com/256x256/059669/ffffff.png&text=HS,#059669,https://jobs.example.com/apply/virtual-assistant-harborpoint-solutions-032,False,Senior,2026-07-08T10:00:00Z,14.524994,121.029275,2026-05-22T17:00:00Z,seed-admin@example.com
visual-designer-cleardesk-operations-033,Visual Designer,ClearDesk Operations,Manila,Metro Manila,Philippines,False,Hybrid,"₱22,000 - ₱27,500 / month",22000,27500,PHP,/ month,ClearDesk Operations is hiring a Visual Designer to support its growing design team.,"## About the role

ClearDesk Operations is looking for a entry Visual Designer based in Manila, Philippines. You will help the team deliver reliable, user-focused work while collaborating with stakeholders across the organization.

## What you will do

This role is ideal for someone who is organized, proactive, and comfortable learning quickly in a practical work environment.","[""Create user flows, wireframes, prototypes, and polished interface designs."", ""Conduct usability reviews and turn feedback into design improvements."", ""Maintain consistent design patterns across product experiences."", ""Document progress, decisions, and important updates clearly."", ""Collaborate with cross-functional teams to deliver high-quality work.""]","[""Strong portfolio showing product thinking and visual design quality."", ""Experience using Figma or similar design tools."", ""Strong communication, ownership, and problem-solving skills."", ""Ability to work independently and collaborate with a team.""]","[""Career development budget"", ""HMO coverage"", ""Health insurance"", ""13th month pay""]","[""HYBRID"", ""ENTRY"", ""DESIGN"", ""DESIGN-SYSTEMS"", ""UX"", ""PROTOTYPING""]",https://dummyimage.com/256x256/0891b2/ffffff.png&text=CO,#0891b2,https://jobs.example.com/apply/visual-designer-cleardesk-operations-033,False,Entry,2026-07-01T10:00:00Z,14.577931,121.004978,2026-05-18T03:00:00Z,seed-admin@example.com
radiologic-technologist-growthgrid-media-034,Radiologic Technologist,GrowthGrid Media,Singapore,Central Region,Singapore,False,Full-time,"S$4,800 - S$5,760 / month",4800,5760,SGD,/ month,GrowthGrid Media is hiring a Radiologic Technologist to support its growing healthcare team.,"## About the role

GrowthGrid Media is looking for a junior Radiologic Technologist based in Singapore, Singapore. You will help the team deliver reliable, user-focused work while collaborating with stakeholders across the organization.

## What you will do

This role is ideal for someone who is organized, proactive, and comfortable learning quickly in a practical work environment.","[""Provide safe, organized, and patient-centered support."", ""Maintain accurate records and follow clinical documentation standards."", ""Coordinate with medical staff to ensure smooth daily operations."", ""Identify process improvements and help implement practical solutions."", ""Collaborate with cross-functional teams to deliver high-quality work.""]","[""Relevant healthcare training, certification, or clinical experience."", ""Knowledge of patient safety, confidentiality, and documentation standards."", ""1+ years of relevant experience or equivalent project background."", ""Ability to work independently and collaborate with a team.""]","[""Career development budget"", ""Health insurance"", ""Remote work allowance"", ""Paid training"", ""Performance bonuses""]","[""FULL-TIME"", ""JUNIOR"", ""HEALTHCARE"", ""PATIENT-CARE"", ""CLINICAL""]",https://dummyimage.com/256x256/4f46e5/ffffff.png&text=GM,#4f46e5,https://jobs.example.com/apply/radiologic-technologist-growthgrid-media-034,False,Junior,2026-06-25T10:00:00Z,1.386208,103.809391,2026-05-12T13:00:00Z,seed-admin@example.com
content-marketing-writer-cleardesk-operations-035,Content Marketing Writer,ClearDesk Operations,Quezon City,Metro Manila,Philippines,False,Full-time,"₱85,000 - ₱106,250 / month",85000,106250,PHP,/ month,ClearDesk Operations is hiring a Content Marketing Writer to support its growing marketing team.,"## About the role

ClearDesk Operations is looking for a senior Content Marketing Writer based in Quezon City, Philippines. You will help the team deliver reliable, user-focused work while collaborating with stakeholders across the organization.

## What you will do

This role is ideal for someone who is organized, proactive, and comfortable learning quickly in a practical work environment.","[""Plan and execute campaigns across relevant digital channels."", ""Analyze campaign performance and recommend improvements."", ""Create content that supports brand awareness and conversion goals."", ""Document progress, decisions, and important updates clearly."", ""Identify process improvements and help implement practical solutions.""]","[""Experience with campaign planning, analytics, and content execution."", ""Comfortable interpreting performance metrics and testing improvements."", ""Ability to work independently and collaborate with a team."", ""5+ years of relevant experience or equivalent project background.""]","[""Health insurance"", ""Equipment provided"", ""Flexible schedule"", ""13th month pay"", ""Stock options""]","[""FULL-TIME"", ""SENIOR"", ""MARKETING"", ""COPYWRITING"", ""ANALYTICS"", ""SEO""]",https://dummyimage.com/256x256/059669/ffffff.png&text=CO,#059669,https://jobs.example.com/apply/content-marketing-writer-cleardesk-operations-035,False,Senior,2026-06-20T10:00:00Z,14.661504,121.049694,2026-05-12T13:00:00Z,seed-admin@example.com
product-designer-quantum-street-036,Product Designer,Quantum Street,Quezon City,Metro Manila,Philippines,False,Hybrid,"₱22,000 - ₱27,500 / month",22000,27500,PHP,/ month,Quantum Street is hiring a Product Designer to support its growing design team.,"## About the role

Quantum Street is looking for a entry Product Designer based in Quezon City, Philippines. You will help the team deliver reliable, user-focused work while collaborating with stakeholders across the organization.

## What you will do

This role is ideal for someone who is organized, proactive, and comfortable learning quickly in a practical work environment.","[""Create user flows, wireframes, prototypes, and polished interface designs."", ""Conduct usability reviews and turn feedback into design improvements."", ""Maintain consistent design patterns across product experiences."", ""Collaborate with cross-functional teams to deliver high-quality work."", ""Document progress, decisions, and important updates clearly.""]","[""Strong portfolio showing product thinking and visual design quality."", ""Experience using Figma or similar design tools."", ""Strong communication, ownership, and problem-solving skills."", ""0-1 years of relevant experience or equivalent project background.""]","[""13th month pay"", ""Retirement plan"", ""Stock options"", ""HMO coverage"", ""Health insurance"", ""Transportation allowance""]","[""HYBRID"", ""ENTRY"", ""DESIGN"", ""FIGMA"", ""UI"", ""DESIGN-SYSTEMS""]",https://dummyimage.com/256x256/7c3aed/ffffff.png&text=QS,#7c3aed,https://jobs.example.com/apply/product-designer-quantum-street-036,False,Entry,2026-07-02T10:00:00Z,14.709328,121.051832,2026-05-01T12:00:00Z,seed-admin@example.com
pharmacist-brightpath-careers-037,Pharmacist,BrightPath Careers,Remote,ON,Canada,True,Remote,"$135,000 - $159,300 / year",135000,159300,USD,/ year,BrightPath Careers is hiring a Pharmacist to support its growing healthcare team.,"## About the role

BrightPath Careers is looking for a senior Pharmacist based in Remote. You will help the team deliver reliable, user-focused work while collaborating with stakeholders across the organization.

## What you will do

This role is ideal for someone who is organized, proactive, and comfortable learning quickly in a practical work environment.","[""Provide safe, organized, and patient-centered support."", ""Maintain accurate records and follow clinical documentation standards."", ""Coordinate with medical staff to ensure smooth daily operations."", ""Identify process improvements and help implement practical solutions."", ""Document progress, decisions, and important updates clearly.""]","[""Relevant healthcare training, certification, or clinical experience."", ""Knowledge of patient safety, confidentiality, and documentation standards."", ""Strong communication, ownership, and problem-solving skills."", ""Ability to work independently and collaborate with a team.""]","[""Paid training"", ""Meal allowance"", ""Performance bonuses"", ""Equipment provided"", ""Transportation allowance"", ""Flexible PTO""]","[""REMOTE"", ""SENIOR"", ""HEALTHCARE"", ""PATIENT-CARE"", ""DOCUMENTATION"", ""HOSPITAL""]",https://dummyimage.com/256x256/dc2626/ffffff.png&text=BC,#dc2626,https://jobs.example.com/apply/pharmacist-brightpath-careers-037,False,Senior,2026-08-02T10:00:00Z,43.6532,-79.3832,2026-04-27T04:00:00Z,seed-admin@example.com
design-systems-specialist-kindredcare-clinics-038,Design Systems Specialist,KindredCare Clinics,Manila,Metro Manila,Philippines,False,Full-time,"₱50,000 - ₱62,500 / month",50000,62500,PHP,/ month,KindredCare Clinics is hiring a Design Systems Specialist to support its growing design team.,"## About the role

KindredCare Clinics is looking for a mid Design Systems Specialist based in Manila, Philippines. You will help the team deliver reliable, user-focused work while collaborating with stakeholders across the organization.

## What you will do

This role is ideal for someone who is organized, proactive, and comfortable learning quickly in a practical work environment.","[""Create user flows, wireframes, prototypes, and polished interface designs."", ""Conduct usability reviews and turn feedback into design improvements."", ""Maintain consistent design patterns across product experiences."", ""Collaborate with cross-functional teams to deliver high-quality work."", ""Document progress, decisions, and important updates clearly.""]","[""Strong portfolio showing product thinking and visual design quality."", ""Experience using Figma or similar design tools."", ""3+ years of relevant experience or equivalent project background."", ""Strong communication, ownership, and problem-solving skills.""]","[""Wellness stipend"", ""Health insurance"", ""Flexible PTO"", ""HMO coverage"", ""Retirement plan""]","[""FULL-TIME"", ""MID"", ""DESIGN"", ""UX"", ""UI"", ""RESEARCH""]",https://dummyimage.com/256x256/059669/ffffff.png&text=KC,#059669,https://jobs.example.com/apply/design-systems-specialist-kindredcare-clinics-038,False,Mid,2026-06-17T10:00:00Z,14.627124,120.973894,2026-04-11T23:00:00Z,seed-admin@example.com
academic-coordinator-primeledger-039,Academic Coordinator,PrimeLedger,Sydney,NSW,Australia,False,Full-time,"$65,000 - $76,700 / year",65000,76700,USD,/ year,PrimeLedger is hiring a Academic Coordinator to support its growing education team.,"## About the role

PrimeLedger is looking for a junior Academic Coordinator based in Sydney, Australia. You will help the team deliver reliable, user-focused work while collaborating with stakeholders across the organization.

## What you will do

This role is ideal for someone who is organized, proactive, and comfortable learning quickly in a practical work environment.","[""Design or deliver learning experiences that support student outcomes."", ""Assess learner progress and provide actionable feedback."", ""Improve learning materials based on learner needs."", ""Collaborate with cross-functional teams to deliver high-quality work."", ""Document progress, decisions, and important updates clearly.""]","[""Experience teaching, training, tutoring, or building learning materials."", ""Ability to simplify complex topics for learners."", ""Ability to work independently and collaborate with a team."", ""Strong communication, ownership, and problem-solving skills.""]","[""Retirement plan"", ""Meal allowance"", ""Transportation allowance"", ""Equipment provided"", ""Paid training"", ""Remote work allowance"", ""Flexible schedule""]","[""FULL-TIME"", ""JUNIOR"", ""EDUCATION"", ""E-LEARNING"", ""TEACHING"", ""CURRICULUM""]",https://dummyimage.com/256x256/4f46e5/ffffff.png&text=P,#4f46e5,https://jobs.example.com/apply/academic-coordinator-primeledger-039,False,Junior,2026-06-19T10:00:00Z,-33.873655,151.213802,2026-05-01T05:00:00Z,seed-admin@example.com
graphic-designer-carepoint-medical-040,Graphic Designer,CarePoint Medical,London,England,United Kingdom,False,Part-time,$47 - $63 / hr,47,63,USD,/ hr,CarePoint Medical is hiring a Graphic Designer to support its growing design team.,"## About the role

CarePoint Medical is looking for a mid Graphic Designer based in London, United Kingdom. You will help the team deliver reliable, user-focused work while collaborating with stakeholders across the organization.

## What you will do

This role is ideal for someone who is organized, proactive, and comfortable learning quickly in a practical work environment.","[""Create user flows, wireframes, prototypes, and polished interface designs."", ""Conduct usability reviews and turn feedback into design improvements."", ""Maintain consistent design patterns across product experiences."", ""Collaborate with cross-functional teams to deliver high-quality work."", ""Document progress, decisions, and important updates clearly.""]","[""Strong portfolio showing product thinking and visual design quality."", ""Experience using Figma or similar design tools."", ""Strong communication, ownership, and problem-solving skills."", ""Ability to work independently and collaborate with a team.""]","[""Flexible PTO"", ""Transportation allowance"", ""Health insurance"", ""Retirement plan"", ""Meal allowance""]","[""PART-TIME"", ""MID"", ""DESIGN"", ""RESEARCH"", ""FIGMA"", ""PROTOTYPING""]",https://dummyimage.com/256x256/7c3aed/ffffff.png&text=CM,#7c3aed,https://jobs.example.com/apply/graphic-designer-carepoint-medical-040,False,Mid,2026-07-17T10:00:00Z,51.516099,-0.095374,2026-05-17T20:00:00Z,seed-admin@example.com
computer-science-instructor-blueorbit-systems-041,Computer Science Instructor,BlueOrbit Systems,Bacolod,Negros Occidental,Philippines,False,Part-time,₱750 - ₱975 / hr,750,975,PHP,/ hr,BlueOrbit Systems is hiring a Computer Science Instructor to support its growing education team.,"## About the role

BlueOrbit Systems is looking for a lead Computer Science Instructor based in Bacolod, Philippines. You will help the team deliver reliable, user-focused work while collaborating with stakeholders across the organization.

## What you will do

This role is ideal for someone who is organized, proactive, and comfortable learning quickly in a practical work environment.","[""Design or deliver learning experiences that support student outcomes."", ""Assess learner progress and provide actionable feedback."", ""Improve learning materials based on learner needs."", ""Identify process improvements and help implement practical solutions."", ""Collaborate with cross-functional teams to deliver high-quality work.""]","[""Experience teaching, training, tutoring, or building learning materials."", ""Ability to simplify complex topics for learners."", ""7+ years of relevant experience or equivalent project background."", ""Ability to work independently and collaborate with a team.""]","[""Remote work allowance"", ""Retirement plan"", ""HMO coverage"", ""Transportation allowance""]","[""PART-TIME"", ""LEAD"", ""EDUCATION"", ""TEACHING"", ""LMS"", ""E-LEARNING""]",https://dummyimage.com/256x256/0891b2/ffffff.png&text=BS,#0891b2,https://jobs.example.com/apply/computer-science-instructor-blueorbit-systems-041,False,Lead,2026-07-18T10:00:00Z,10.655261,122.938708,2026-05-08T22:00:00Z,seed-admin@example.com
project-coordinator-primeledger-042,Project Coordinator,PrimeLedger,Quezon City,Metro Manila,Philippines,False,Full-time,"₱30,000 - ₱37,500 / month",30000,37500,PHP,/ month,PrimeLedger is hiring a Project Coordinator to support its growing business team.,"## About the role

PrimeLedger is looking for a junior Project Coordinator based in Quezon City, Philippines. You will help the team deliver reliable, user-focused work while collaborating with stakeholders across the organization.

## What you will do

This role is ideal for someone who is organized, proactive, and comfortable learning quickly in a practical work environment.","[""Gather requirements and coordinate timelines with stakeholders."", ""Track operational metrics and prepare reports for leadership."", ""Support planning, execution, and follow-through of business initiatives."", ""Identify process improvements and help implement practical solutions."", ""Document progress, decisions, and important updates clearly.""]","[""Experience coordinating projects, stakeholders, or operational workflows."", ""Comfortable preparing reports and presenting recommendations."", ""Strong communication, ownership, and problem-solving skills."", ""1+ years of relevant experience or equivalent project background.""]","[""Flexible PTO"", ""Health insurance"", ""Career development budget"", ""Retirement plan"", ""Paid training"", ""Transportation allowance"", ""Flexible schedule""]","[""FULL-TIME"", ""JUNIOR"", ""BUSINESS"", ""OPERATIONS"", ""SALES"", ""CRM""]",https://dummyimage.com/256x256/7c3aed/ffffff.png&text=P,#7c3aed,https://jobs.example.com/apply/project-coordinator-primeledger-042,False,Junior,2026-07-02T10:00:00Z,14.664816,121.073789,2026-04-26T12:00:00Z,seed-admin@example.com
seo-specialist-eduspark-learning-043,SEO Specialist,EduSpark Learning,Tokyo,Tokyo,Japan,False,Internship,$85 - $114 / hr,85,114,USD,/ hr,EduSpark Learning is hiring a SEO Specialist to support its growing marketing team.,"## About the role

EduSpark Learning is looking for a lead SEO Specialist based in Tokyo, Japan. You will help the team deliver reliable, user-focused work while collaborating with stakeholders across the organization.

## What you will do

This role is ideal for someone who is organized, proactive, and comfortable learning quickly in a practical work environment.","[""Plan and execute campaigns across relevant digital channels."", ""Analyze campaign performance and recommend improvements."", ""Create content that supports brand awareness and conversion goals."", ""Document progress, decisions, and important updates clearly."", ""Identify process improvements and help implement practical solutions.""]","[""Experience with campaign planning, analytics, and content execution."", ""Comfortable interpreting performance metrics and testing improvements."", ""Strong communication, ownership, and problem-solving skills."", ""7+ years of relevant experience or equivalent project background.""]","[""Career development budget"", ""Transportation allowance"", ""Health insurance"", ""Wellness stipend"", ""13th month pay"", ""Performance bonuses"", ""Remote work allowance""]","[""INTERNSHIP"", ""LEAD"", ""MARKETING"", ""COPYWRITING"", ""ADS"", ""ANALYTICS""]",https://dummyimage.com/256x256/059669/ffffff.png&text=EL,#059669,https://jobs.example.com/apply/seo-specialist-eduspark-learning-043,False,Lead,2026-07-05T10:00:00Z,35.700116,139.680979,2026-05-06T22:00:00Z,seed-admin@example.com
content-marketing-writer-novahire-group-044,Content Marketing Writer,NovaHire Group,Cebu City,Cebu,Philippines,False,Part-time,₱137 - ₱178 / hr,137,178,PHP,/ hr,NovaHire Group is hiring a Content Marketing Writer to support its growing marketing team.,"## About the role

NovaHire Group is looking for a entry Content Marketing Writer based in Cebu City, Philippines. You will help the team deliver reliable, user-focused work while collaborating with stakeholders across the organization.

## What you will do

This role is ideal for someone who is organized, proactive, and comfortable learning quickly in a practical work environment.","[""Plan and execute campaigns across relevant digital channels."", ""Analyze campaign performance and recommend improvements."", ""Create content that supports brand awareness and conversion goals."", ""Document progress, decisions, and important updates clearly."", ""Identify process improvements and help implement practical solutions.""]","[""Experience with campaign planning, analytics, and content execution."", ""Comfortable interpreting performance metrics and testing improvements."", ""0-1 years of relevant experience or equivalent project background."", ""Strong communication, ownership, and problem-solving skills.""]","[""Paid training"", ""Flexible PTO"", ""Performance bonuses"", ""Retirement plan"", ""Health insurance"", ""Remote work allowance""]","[""PART-TIME"", ""ENTRY"", ""MARKETING"", ""SOCIAL-MEDIA"", ""GROWTH"", ""COPYWRITING""]",https://dummyimage.com/256x256/0891b2/ffffff.png&text=NG,#0891b2,https://jobs.example.com/apply/content-marketing-writer-novahire-group-044,False,Entry,2026-06-12T10:00:00Z,10.295294,123.891839,2026-05-13T17:00:00Z,seed-admin@example.com
brand-designer-visionary-design-co-045,Brand Designer,Visionary Design Co.,Kuala Lumpur,Federal Territory,Malaysia,True,Remote,"$65,000 - $76,700 / year",65000,76700,USD,/ year,Visionary Design Co. is hiring a Brand Designer to support its growing design team.,"## About the role

Visionary Design Co. is looking for a junior Brand Designer based in Remote. You will help the team deliver reliable, user-focused work while collaborating with stakeholders across the organization.

## What you will do

This role is ideal for someone who is organized, proactive, and comfortable learning quickly in a practical work environment.","[""Create user flows, wireframes, prototypes, and polished interface designs."", ""Conduct usability reviews and turn feedback into design improvements."", ""Maintain consistent design patterns across product experiences."", ""Document progress, decisions, and important updates clearly."", ""Identify process improvements and help implement practical solutions.""]","[""Strong portfolio showing product thinking and visual design quality."", ""Experience using Figma or similar design tools."", ""Ability to work independently and collaborate with a team."", ""Strong communication, ownership, and problem-solving skills.""]","[""13th month pay"", ""Health insurance"", ""Transportation allowance"", ""Career development budget"", ""Meal allowance"", ""Flexible schedule"", ""Paid training""]","[""REMOTE"", ""JUNIOR"", ""DESIGN"", ""RESEARCH"", ""PROTOTYPING"", ""FIGMA""]",https://dummyimage.com/256x256/4f46e5/ffffff.png&text=VD,#4f46e5,https://jobs.example.com/apply/brand-designer-visionary-design-co-045,True,Junior,2026-07-15T10:00:00Z,3.139,101.6869,2026-04-30T15:00:00Z,seed-admin@example.com
clinic-coordinator-heliosoft-046,Clinic Coordinator,HelioSoft,Iloilo City,Iloilo,Philippines,True,Remote,"₱85,000 - ₱106,250 / month",85000,106250,PHP,/ month,HelioSoft is hiring a Clinic Coordinator to support its growing healthcare team.,"## About the role

HelioSoft is looking for a senior Clinic Coordinator based in Remote. You will help the team deliver reliable, user-focused work while collaborating with stakeholders across the organization.

## What you will do

This role is ideal for someone who is organized, proactive, and comfortable learning quickly in a practical work environment.","[""Provide safe, organized, and patient-centered support."", ""Maintain accurate records and follow clinical documentation standards."", ""Coordinate with medical staff to ensure smooth daily operations."", ""Document progress, decisions, and important updates clearly."", ""Identify process improvements and help implement practical solutions.""]","[""Relevant healthcare training, certification, or clinical experience."", ""Knowledge of patient safety, confidentiality, and documentation standards."", ""Strong communication, ownership, and problem-solving skills."", ""5+ years of relevant experience or equivalent project background.""]","[""Flexible PTO"", ""Meal allowance"", ""Remote work allowance"", ""Performance bonuses"", ""Wellness stipend""]","[""REMOTE"", ""SENIOR"", ""HEALTHCARE"", ""HOSPITAL"", ""DOCUMENTATION"", ""PATIENT-CARE""]",https://dummyimage.com/256x256/dc2626/ffffff.png&text=H,#dc2626,https://jobs.example.com/apply/clinic-coordinator-heliosoft-046,False,Senior,2026-07-01T10:00:00Z,10.7202,122.5621,2026-04-13T20:00:00Z,seed-admin@example.com
it-helpdesk-associate-atlas-digital-047,IT Helpdesk Associate,Atlas Digital,San Francisco,CA,USA,False,Full-time,"$95,000 - $112,100 / year",95000,112100,USD,/ year,Atlas Digital is hiring a IT Helpdesk Associate to support its growing support team.,"## About the role

Atlas Digital is looking for a mid IT Helpdesk Associate based in San Francisco, USA. You will help the team deliver reliable, user-focused work while collaborating with stakeholders across the organization.

## What you will do

This role is ideal for someone who is organized, proactive, and comfortable learning quickly in a practical work environment.","[""Respond to customer or internal requests through approved channels."", ""Resolve issues accurately while maintaining a helpful tone."", ""Escalate complex concerns with clear context and documentation."", ""Collaborate with cross-functional teams to deliver high-quality work."", ""Document progress, decisions, and important updates clearly.""]","[""Experience with customer service, ticketing tools, or administrative support."", ""Patient, organized, and able to handle repetitive tasks accurately."", ""Ability to work independently and collaborate with a team."", ""Strong communication, ownership, and problem-solving skills.""]","[""Retirement plan"", ""Wellness stipend"", ""Paid training"", ""13th month pay"", ""Remote work allowance"", ""Equipment provided"", ""Flexible PTO""]","[""FULL-TIME"", ""MID"", ""SUPPORT"", ""ADMIN"", ""CUSTOMER-SUPPORT"", ""HELPDESK""]",https://dummyimage.com/256x256/be123c/ffffff.png&text=AD,#be123c,https://jobs.example.com/apply/it-helpdesk-associate-atlas-digital-047,False,Mid,2026-08-02T10:00:00Z,37.768752,-122.397916,2026-05-11T20:00:00Z,seed-admin@example.com
community-manager-northstar-labs-048,Community Manager,Northstar Labs,London,England,United Kingdom,False,Hybrid,"$95,000 - $112,100 / year",95000,112100,USD,/ year,Northstar Labs is hiring a Community Manager to support its growing marketing team.,"## About the role

Northstar Labs is looking for a mid Community Manager based in London, United Kingdom. You will help the team deliver reliable, user-focused work while collaborating with stakeholders across the organization.

## What you will do

This role is ideal for someone who is organized, proactive, and comfortable learning quickly in a practical work environment.","[""Plan and execute campaigns across relevant digital channels."", ""Analyze campaign performance and recommend improvements."", ""Create content that supports brand awareness and conversion goals."", ""Collaborate with cross-functional teams to deliver high-quality work."", ""Document progress, decisions, and important updates clearly.""]","[""Experience with campaign planning, analytics, and content execution."", ""Comfortable interpreting performance metrics and testing improvements."", ""3+ years of relevant experience or equivalent project background."", ""Ability to work independently and collaborate with a team.""]","[""Career development budget"", ""Paid training"", ""Health insurance"", ""Retirement plan"", ""Stock options"", ""Flexible schedule""]","[""HYBRID"", ""MID"", ""MARKETING"", ""GROWTH"", ""ANALYTICS"", ""ADS""]",https://dummyimage.com/256x256/4f46e5/ffffff.png&text=NL,#4f46e5,https://jobs.example.com/apply/community-manager-northstar-labs-048,False,Mid,2026-07-21T10:00:00Z,51.482656,-0.124944,2026-05-22T06:00:00Z,seed-admin@example.com
customer-support-representative-aster-cloud-049,Customer Support Representative,Aster Cloud,Remote,NSW,Australia,True,Hybrid,"$170,000 - $200,600 / year",170000,200600,USD,/ year,Aster Cloud is hiring a Customer Support Representative to support its growing support team.,"## About the role

Aster Cloud is looking for a lead Customer Support Representative based in Remote. You will help the team deliver reliable, user-focused work while collaborating with stakeholders across the organization.

## What you will do

This role is ideal for someone who is organized, proactive, and comfortable learning quickly in a practical work environment.","[""Respond to customer or internal requests through approved channels."", ""Resolve issues accurately while maintaining a helpful tone."", ""Escalate complex concerns with clear context and documentation."", ""Identify process improvements and help implement practical solutions."", ""Document progress, decisions, and important updates clearly.""]","[""Experience with customer service, ticketing tools, or administrative support."", ""Patient, organized, and able to handle repetitive tasks accurately."", ""Ability to work independently and collaborate with a team."", ""7+ years of relevant experience or equivalent project background.""]","[""Paid training"", ""Equipment provided"", ""Health insurance"", ""Flexible schedule"", ""Wellness stipend"", ""Stock options"", ""Performance bonuses""]","[""HYBRID"", ""LEAD"", ""SUPPORT"", ""CUSTOMER-SUPPORT"", ""TICKETING"", ""DATA-ENTRY""]",https://dummyimage.com/256x256/4f46e5/ffffff.png&text=AC,#4f46e5,https://jobs.example.com/apply/customer-support-representative-aster-cloud-049,False,Lead,2026-07-23T10:00:00Z,-33.8688,151.2093,2026-05-11T10:00:00Z,seed-admin@example.com
computer-science-instructor-summitworks-050,Computer Science Instructor,SummitWorks,Bacolod,Negros Occidental,Philippines,True,Remote,"₱50,000 - ₱62,500 / month",50000,62500,PHP,/ month,SummitWorks is hiring a Computer Science Instructor to support its growing education team.,"## About the role

SummitWorks is looking for a mid Computer Science Instructor based in Remote. You will help the team deliver reliable, user-focused work while collaborating with stakeholders across the organization.

## What you will do

This role is ideal for someone who is organized, proactive, and comfortable learning quickly in a practical work environment.","[""Design or deliver learning experiences that support student outcomes."", ""Assess learner progress and provide actionable feedback."", ""Improve learning materials based on learner needs."", ""Document progress, decisions, and important updates clearly."", ""Identify process improvements and help implement practical solutions.""]","[""Experience teaching, training, tutoring, or building learning materials."", ""Ability to simplify complex topics for learners."", ""3+ years of relevant experience or equivalent project background."", ""Strong communication, ownership, and problem-solving skills.""]","[""Meal allowance"", ""Transportation allowance"", ""Remote work allowance"", ""Paid training"", ""Equipment provided""]","[""REMOTE"", ""MID"", ""EDUCATION"", ""E-LEARNING"", ""CURRICULUM"", ""TRAINING""]",https://dummyimage.com/256x256/dc2626/ffffff.png&text=S,#dc2626,https://jobs.example.com/apply/computer-science-instructor-summitworks-050,False,Mid,2026-07-05T10:00:00Z,10.6765,122.9509,2026-05-24T04:00:00Z,seed-admin@example.com
clinic-coordinator-pixelforge-studio-051,Clinic Coordinator,PixelForge Studio,Taguig,Metro Manila,Philippines,False,Internship,₱531 - ₱690 / hr,531,690,PHP,/ hr,PixelForge Studio is hiring a Clinic Coordinator to support its growing healthcare team.,"## About the role

PixelForge Studio is looking for a senior Clinic Coordinator based in Taguig, Philippines. You will help the team deliver reliable, user-focused work while collaborating with stakeholders across the organization.

## What you will do

This role is ideal for someone who is organized, proactive, and comfortable learning quickly in a practical work environment.","[""Provide safe, organized, and patient-centered support."", ""Maintain accurate records and follow clinical documentation standards."", ""Coordinate with medical staff to ensure smooth daily operations."", ""Identify process improvements and help implement practical solutions."", ""Collaborate with cross-functional teams to deliver high-quality work.""]","[""Relevant healthcare training, certification, or clinical experience."", ""Knowledge of patient safety, confidentiality, and documentation standards."", ""5+ years of relevant experience or equivalent project background."", ""Strong communication, ownership, and problem-solving skills.""]","[""HMO coverage"", ""Performance bonuses"", ""Stock options"", ""Health insurance""]","[""INTERNSHIP"", ""SENIOR"", ""HEALTHCARE"", ""PATIENT-CARE"", ""HOSPITAL""]",https://dummyimage.com/256x256/4f46e5/ffffff.png&text=PS,#4f46e5,https://jobs.example.com/apply/clinic-coordinator-pixelforge-studio-051,False,Senior,2026-08-23T10:00:00Z,14.524544,121.08659,2026-04-19T20:00:00Z,seed-admin@example.com
email-marketing-specialist-northstar-labs-052,Email Marketing Specialist,Northstar Labs,London,England,United Kingdom,False,Hybrid,"$170,000 - $200,600 / year",170000,200600,USD,/ year,Northstar Labs is hiring a Email Marketing Specialist to support its growing marketing team.,"## About the role

Northstar Labs is looking for a lead Email Marketing Specialist based in London, United Kingdom. You will help the team deliver reliable, user-focused work while collaborating with stakeholders across the organization.

## What you will do

This role is ideal for someone who is organized, proactive, and comfortable learning quickly in a practical work environment.","[""Plan and execute campaigns across relevant digital channels."", ""Analyze campaign performance and recommend improvements."", ""Create content that supports brand awareness and conversion goals."", ""Identify process improvements and help implement practical solutions."", ""Document progress, decisions, and important updates clearly.""]","[""Experience with campaign planning, analytics, and content execution."", ""Comfortable interpreting performance metrics and testing improvements."", ""Ability to work independently and collaborate with a team."", ""Strong communication, ownership, and problem-solving skills.""]","[""13th month pay"", ""Flexible PTO"", ""Paid training"", ""Career development budget"", ""Meal allowance""]","[""HYBRID"", ""LEAD"", ""MARKETING"", ""SEO"", ""ADS"", ""ANALYTICS""]",https://dummyimage.com/256x256/7c3aed/ffffff.png&text=NL,#7c3aed,https://jobs.example.com/apply/email-marketing-specialist-northstar-labs-052,False,Lead,2026-08-08T10:00:00Z,51.519966,-0.113937,2026-04-25T02:00:00Z,seed-admin@example.com
email-marketing-specialist-mangobyte-apps-053,Email Marketing Specialist,MangoByte Apps,Quezon City,Metro Manila,Philippines,False,Contract,₱137 - ₱178 / hr,137,178,PHP,/ hr,MangoByte Apps is hiring a Email Marketing Specialist to support its growing marketing team.,"## About the role

MangoByte Apps is looking for a entry Email Marketing Specialist based in Quezon City, Philippines. You will help the team deliver reliable, user-focused work while collaborating with stakeholders across the organization.

## What you will do

This role is ideal for someone who is organized, proactive, and comfortable learning quickly in a practical work environment.","[""Plan and execute campaigns across relevant digital channels."", ""Analyze campaign performance and recommend improvements."", ""Create content that supports brand awareness and conversion goals."", ""Identify process improvements and help implement practical solutions."", ""Document progress, decisions, and important updates clearly.""]","[""Experience with campaign planning, analytics, and content execution."", ""Comfortable interpreting performance metrics and testing improvements."", ""Strong communication, ownership, and problem-solving skills."", ""0-1 years of relevant experience or equivalent project background.""]","[""Meal allowance"", ""Stock options"", ""13th month pay"", ""Health insurance""]","[""CONTRACT"", ""ENTRY"", ""MARKETING"", ""SOCIAL-MEDIA"", ""ADS"", ""GROWTH""]",https://dummyimage.com/256x256/0891b2/ffffff.png&text=MA,#0891b2,https://jobs.example.com/apply/email-marketing-specialist-mangobyte-apps-053,True,Entry,2026-08-07T10:00:00Z,14.687382,121.079178,2026-04-30T20:00:00Z,seed-admin@example.com
site-reliability-engineer-cleardesk-operations-054,Site Reliability Engineer,ClearDesk Operations,Remote,Tokyo,Japan,True,Hybrid,"$170,000 - $200,600 / year",170000,200600,USD,/ year,ClearDesk Operations is hiring a Site Reliability Engineer to support its growing engineering team.,"## About the role

ClearDesk Operations is looking for a lead Site Reliability Engineer based in Remote. You will help the team deliver reliable, user-focused work while collaborating with stakeholders across the organization.

## What you will do

This role is ideal for someone who is organized, proactive, and comfortable learning quickly in a practical work environment.","[""Build, test, and maintain scalable application features."", ""Review code and contribute to technical planning."", ""Troubleshoot bugs and improve application performance."", ""Identify process improvements and help implement practical solutions."", ""Document progress, decisions, and important updates clearly.""]","[""Experience with modern development workflows, Git, and debugging."", ""Understanding of APIs, databases, and application architecture."", ""7+ years of relevant experience or equivalent project background."", ""Strong communication, ownership, and problem-solving skills.""]","[""Equipment provided"", ""Stock options"", ""Health insurance"", ""13th month pay"", ""Paid training"", ""Career development budget""]","[""HYBRID"", ""LEAD"", ""ENGINEERING"", ""SUPABASE"", ""API"", ""MOBILE""]",https://dummyimage.com/256x256/dc2626/ffffff.png&text=CO,#dc2626,https://jobs.example.com/apply/site-reliability-engineer-cleardesk-operations-054,False,Lead,2026-07-19T10:00:00Z,35.6762,139.6503,2026-05-13T05:00:00Z,seed-admin@example.com
learning-experience-designer-finaxis-partners-055,Learning Experience Designer,FinAxis Partners,London,England,United Kingdom,True,Remote,"$170,000 - $200,600 / year",170000,200600,USD,/ year,FinAxis Partners is hiring a Learning Experience Designer to support its growing education team.,"## About the role

FinAxis Partners is looking for a lead Learning Experience Designer based in Remote. You will help the team deliver reliable, user-focused work while collaborating with stakeholders across the organization.

## What you will do

This role is ideal for someone who is organized, proactive, and comfortable learning quickly in a practical work environment.","[""Design or deliver learning experiences that support student outcomes."", ""Assess learner progress and provide actionable feedback."", ""Improve learning materials based on learner needs."", ""Document progress, decisions, and important updates clearly."", ""Identify process improvements and help implement practical solutions.""]","[""Experience teaching, training, tutoring, or building learning materials."", ""Ability to simplify complex topics for learners."", ""Strong communication, ownership, and problem-solving skills."", ""7+ years of relevant experience or equivalent project background.""]","[""Flexible PTO"", ""Remote work allowance"", ""Stock options"", ""Performance bonuses""]","[""REMOTE"", ""LEAD"", ""EDUCATION"", ""LMS"", ""TEACHING"", ""TRAINING""]",https://dummyimage.com/256x256/ea580c/ffffff.png&text=FP,#ea580c,https://jobs.example.com/apply/learning-experience-designer-finaxis-partners-055,False,Lead,2026-06-18T10:00:00Z,51.5072,-0.1276,2026-05-14T17:00:00Z,seed-admin@example.com
product-designer-heliosoft-056,Product Designer,HelioSoft,Remote,Cebu,Philippines,True,Remote,"₱85,000 - ₱106,250 / month",85000,106250,PHP,/ month,HelioSoft is hiring a Product Designer to support its growing design team.,"## About the role

HelioSoft is looking for a senior Product Designer based in Remote. You will help the team deliver reliable, user-focused work while collaborating with stakeholders across the organization.

## What you will do

This role is ideal for someone who is organized, proactive, and comfortable learning quickly in a practical work environment.","[""Create user flows, wireframes, prototypes, and polished interface designs."", ""Conduct usability reviews and turn feedback into design improvements."", ""Maintain consistent design patterns across product experiences."", ""Document progress, decisions, and important updates clearly."", ""Identify process improvements and help implement practical solutions.""]","[""Strong portfolio showing product thinking and visual design quality."", ""Experience using Figma or similar design tools."", ""Ability to work independently and collaborate with a team."", ""Strong communication, ownership, and problem-solving skills.""]","[""Equipment provided"", ""Paid training"", ""HMO coverage"", ""Transportation allowance"", ""Flexible PTO"", ""Remote work allowance""]","[""REMOTE"", ""SENIOR"", ""DESIGN"", ""DESIGN-SYSTEMS"", ""PROTOTYPING"", ""RESEARCH""]",https://dummyimage.com/256x256/0f766e/ffffff.png&text=H,#0f766e,https://jobs.example.com/apply/product-designer-heliosoft-056,False,Senior,2026-06-20T10:00:00Z,10.3157,123.8854,2026-05-09T11:00:00Z,seed-admin@example.com
cloud-engineer-skillbridge-academy-057,Cloud Engineer,SkillBridge Academy,Iloilo City,Iloilo,Philippines,True,Remote,"₱50,000 - ₱62,500 / month",50000,62500,PHP,/ month,SkillBridge Academy is hiring a Cloud Engineer to support its growing engineering team.,"## About the role

SkillBridge Academy is looking for a mid Cloud Engineer based in Remote. You will help the team deliver reliable, user-focused work while collaborating with stakeholders across the organization.

## What you will do

This role is ideal for someone who is organized, proactive, and comfortable learning quickly in a practical work environment.","[""Build, test, and maintain scalable application features."", ""Review code and contribute to technical planning."", ""Troubleshoot bugs and improve application performance."", ""Identify process improvements and help implement practical solutions."", ""Document progress, decisions, and important updates clearly.""]","[""Experience with modern development workflows, Git, and debugging."", ""Understanding of APIs, databases, and application architecture."", ""Ability to work independently and collaborate with a team."", ""Strong communication, ownership, and problem-solving skills.""]","[""Health insurance"", ""Meal allowance"", ""Remote work allowance"", ""Career development budget""]","[""REMOTE"", ""MID"", ""ENGINEERING"", ""PYTHON"", ""REACT"", ""SUPABASE""]",https://dummyimage.com/256x256/be123c/ffffff.png&text=SA,#be123c,https://jobs.example.com/apply/cloud-engineer-skillbridge-academy-057,False,Mid,2026-07-11T10:00:00Z,10.7202,122.5621,2026-05-26T20:00:00Z,seed-admin@example.com
it-helpdesk-associate-codeharbor-058,IT Helpdesk Associate,CodeHarbor,San Francisco,CA,USA,False,Hybrid,"$45,000 - $53,100 / year",45000,53100,USD,/ year,CodeHarbor is hiring a IT Helpdesk Associate to support its growing support team.,"## About the role

CodeHarbor is looking for a entry IT Helpdesk Associate based in San Francisco, USA. You will help the team deliver reliable, user-focused work while collaborating with stakeholders across the organization.

## What you will do

This role is ideal for someone who is organized, proactive, and comfortable learning quickly in a practical work environment.","[""Respond to customer or internal requests through approved channels."", ""Resolve issues accurately while maintaining a helpful tone."", ""Escalate complex concerns with clear context and documentation."", ""Identify process improvements and help implement practical solutions."", ""Document progress, decisions, and important updates clearly.""]","[""Experience with customer service, ticketing tools, or administrative support."", ""Patient, organized, and able to handle repetitive tasks accurately."", ""Strong communication, ownership, and problem-solving skills."", ""0-1 years of relevant experience or equivalent project background.""]","[""Meal allowance"", ""Flexible schedule"", ""Remote work allowance"", ""Health insurance"", ""Transportation allowance"", ""Performance bonuses"", ""Career development budget""]","[""HYBRID"", ""ENTRY"", ""SUPPORT"", ""TICKETING"", ""DATA-ENTRY"", ""CUSTOMER-SUPPORT""]",https://dummyimage.com/256x256/0f766e/ffffff.png&text=C,#0f766e,https://jobs.example.com/apply/it-helpdesk-associate-codeharbor-058,True,Entry,2026-07-25T10:00:00Z,37.752957,-122.459375,2026-05-01T05:00:00Z,seed-admin@example.com
financial-analyst-nextwave-logistics-059,Financial Analyst,NextWave Logistics,Davao City,Davao del Sur,Philippines,True,Remote,"₱120,000 - ₱150,000 / month",120000,150000,PHP,/ month,NextWave Logistics is hiring a Financial Analyst to support its growing finance team.,"## About the role

NextWave Logistics is looking for a lead Financial Analyst based in Remote. You will help the team deliver reliable, user-focused work while collaborating with stakeholders across the organization.

## What you will do

This role is ideal for someone who is organized, proactive, and comfortable learning quickly in a practical work environment.","[""Prepare financial reports, reconciliations, and supporting schedules."", ""Monitor expenses and ensure records are accurate and complete."", ""Support compliance with internal financial policies."", ""Collaborate with cross-functional teams to deliver high-quality work."", ""Identify process improvements and help implement practical solutions.""]","[""Knowledge of accounting principles, spreadsheets, and financial reporting."", ""High attention to detail and comfort with numerical data."", ""Ability to work independently and collaborate with a team."", ""Strong communication, ownership, and problem-solving skills.""]","[""Flexible PTO"", ""Flexible schedule"", ""Remote work allowance"", ""HMO coverage""]","[""REMOTE"", ""LEAD"", ""FINANCE"", ""EXCEL"", ""ACCOUNTING"", ""PAYROLL""]",https://dummyimage.com/256x256/0f766e/ffffff.png&text=NL,#0f766e,https://jobs.example.com/apply/financial-analyst-nextwave-logistics-059,False,Lead,2026-07-12T10:00:00Z,7.1907,125.4553,2026-04-23T02:00:00Z,seed-admin@example.com
ux-researcher-heliosoft-060,UX Researcher,HelioSoft,Makati,Metro Manila,Philippines,False,Internship,₱137 - ₱178 / hr,137,178,PHP,/ hr,HelioSoft is hiring a UX Researcher to support its growing design team.,"## About the role

HelioSoft is looking for a entry UX Researcher based in Makati, Philippines. You will help the team deliver reliable, user-focused work while collaborating with stakeholders across the organization.

## What you will do

This role is ideal for someone who is organized, proactive, and comfortable learning quickly in a practical work environment.","[""Create user flows, wireframes, prototypes, and polished interface designs."", ""Conduct usability reviews and turn feedback into design improvements."", ""Maintain consistent design patterns across product experiences."", ""Collaborate with cross-functional teams to deliver high-quality work."", ""Document progress, decisions, and important updates clearly.""]","[""Strong portfolio showing product thinking and visual design quality."", ""Experience using Figma or similar design tools."", ""Strong communication, ownership, and problem-solving skills."", ""0-1 years of relevant experience or equivalent project background.""]","[""Retirement plan"", ""Transportation allowance"", ""Career development budget"", ""13th month pay""]","[""INTERNSHIP"", ""ENTRY"", ""DESIGN"", ""UI"", ""UX"", ""FIGMA""]",https://dummyimage.com/256x256/be123c/ffffff.png&text=H,#be123c,https://jobs.example.com/apply/ux-researcher-heliosoft-060,False,Entry,2026-07-15T10:00:00Z,14.55873,121.038591,2026-05-15T03:00:00Z,seed-admin@example.com
design-systems-specialist-quantum-street-061,Design Systems Specialist,Quantum Street,Bacolod,Negros Occidental,Philippines,False,Internship,₱137 - ₱178 / hr,137,178,PHP,/ hr,Quantum Street is hiring a Design Systems Specialist to support its growing design team.,"## About the role

Quantum Street is looking for a entry Design Systems Specialist based in Bacolod, Philippines. You will help the team deliver reliable, user-focused work while collaborating with stakeholders across the organization.

## What you will do

This role is ideal for someone who is organized, proactive, and comfortable learning quickly in a practical work environment.","[""Create user flows, wireframes, prototypes, and polished interface designs."", ""Conduct usability reviews and turn feedback into design improvements."", ""Maintain consistent design patterns across product experiences."", ""Document progress, decisions, and important updates clearly."", ""Identify process improvements and help implement practical solutions.""]","[""Strong portfolio showing product thinking and visual design quality."", ""Experience using Figma or similar design tools."", ""Strong communication, ownership, and problem-solving skills."", ""0-1 years of relevant experience or equivalent project background.""]","[""13th month pay"", ""Health insurance"", ""Remote work allowance"", ""Flexible PTO""]","[""INTERNSHIP"", ""ENTRY"", ""DESIGN"", ""PROTOTYPING"", ""UI"", ""FIGMA""]",https://dummyimage.com/256x256/0f766e/ffffff.png&text=QS,#0f766e,https://jobs.example.com/apply/design-systems-specialist-quantum-street-061,False,Entry,2026-07-24T10:00:00Z,10.66198,122.965148,2026-05-01T06:00:00Z,seed-admin@example.com
registered-nurse-primeledger-062,Registered Nurse,PrimeLedger,Singapore,Central Region,Singapore,False,Part-time,S$12 - S$17 / hr,12,17,SGD,/ hr,PrimeLedger is hiring a Registered Nurse to support its growing healthcare team.,"## About the role

PrimeLedger is looking for a junior Registered Nurse based in Singapore, Singapore. You will help the team deliver reliable, user-focused work while collaborating with stakeholders across the organization.

## What you will do

This role is ideal for someone who is organized, proactive, and comfortable learning quickly in a practical work environment.","[""Provide safe, organized, and patient-centered support."", ""Maintain accurate records and follow clinical documentation standards."", ""Coordinate with medical staff to ensure smooth daily operations."", ""Identify process improvements and help implement practical solutions."", ""Document progress, decisions, and important updates clearly.""]","[""Relevant healthcare training, certification, or clinical experience."", ""Knowledge of patient safety, confidentiality, and documentation standards."", ""1+ years of relevant experience or equivalent project background."", ""Ability to work independently and collaborate with a team.""]","[""Paid training"", ""Transportation allowance"", ""Flexible PTO"", ""Equipment provided"", ""Performance bonuses"", ""Health insurance"", ""Wellness stipend""]","[""PART-TIME"", ""JUNIOR"", ""HEALTHCARE"", ""DOCUMENTATION"", ""PATIENT-CARE""]",https://dummyimage.com/256x256/ea580c/ffffff.png&text=P,#ea580c,https://jobs.example.com/apply/registered-nurse-primeledger-062,False,Junior,2026-06-23T10:00:00Z,1.378431,103.858878,2026-05-12T14:00:00Z,seed-admin@example.com
academic-coordinator-lumenstack-063,Academic Coordinator,LumenStack,Manila,Metro Manila,Philippines,False,Internship,₱531 - ₱690 / hr,531,690,PHP,/ hr,LumenStack is hiring a Academic Coordinator to support its growing education team.,"## About the role

LumenStack is looking for a senior Academic Coordinator based in Manila, Philippines. You will help the team deliver reliable, user-focused work while collaborating with stakeholders across the organization.

## What you will do

This role is ideal for someone who is organized, proactive, and comfortable learning quickly in a practical work environment.","[""Design or deliver learning experiences that support student outcomes."", ""Assess learner progress and provide actionable feedback."", ""Improve learning materials based on learner needs."", ""Document progress, decisions, and important updates clearly."", ""Identify process improvements and help implement practical solutions.""]","[""Experience teaching, training, tutoring, or building learning materials."", ""Ability to simplify complex topics for learners."", ""Strong communication, ownership, and problem-solving skills."", ""5+ years of relevant experience or equivalent project background.""]","[""Health insurance"", ""Flexible schedule"", ""Career development budget"", ""Stock options"", ""Flexible PTO"", ""13th month pay""]","[""INTERNSHIP"", ""SENIOR"", ""EDUCATION"", ""LMS"", ""CURRICULUM"", ""TRAINING""]",https://dummyimage.com/256x256/059669/ffffff.png&text=L,#059669,https://jobs.example.com/apply/academic-coordinator-lumenstack-063,False,Senior,2026-06-15T10:00:00Z,14.583378,120.996399,2026-05-12T04:00:00Z,seed-admin@example.com
payroll-specialist-greenline-health-064,Payroll Specialist,Greenline Health,Kuala Lumpur,Federal Territory,Malaysia,True,Remote,"$170,000 - $200,600 / year",170000,200600,USD,/ year,Greenline Health is hiring a Payroll Specialist to support its growing finance team.,"## About the role

Greenline Health is looking for a lead Payroll Specialist based in Remote. You will help the team deliver reliable, user-focused work while collaborating with stakeholders across the organization.

## What you will do

This role is ideal for someone who is organized, proactive, and comfortable learning quickly in a practical work environment.","[""Prepare financial reports, reconciliations, and supporting schedules."", ""Monitor expenses and ensure records are accurate and complete."", ""Support compliance with internal financial policies."", ""Identify process improvements and help implement practical solutions."", ""Collaborate with cross-functional teams to deliver high-quality work.""]","[""Knowledge of accounting principles, spreadsheets, and financial reporting."", ""High attention to detail and comfort with numerical data."", ""Strong communication, ownership, and problem-solving skills."", ""7+ years of relevant experience or equivalent project background.""]","[""HMO coverage"", ""Career development budget"", ""13th month pay"", ""Transportation allowance"", ""Wellness stipend"", ""Flexible PTO""]","[""REMOTE"", ""LEAD"", ""FINANCE"", ""AUDIT"", ""PAYROLL"", ""ACCOUNTING""]",https://dummyimage.com/256x256/0f766e/ffffff.png&text=GH,#0f766e,https://jobs.example.com/apply/payroll-specialist-greenline-health-064,False,Lead,2026-07-01T10:00:00Z,3.139,101.6869,2026-05-23T00:00:00Z,seed-admin@example.com
social-media-manager-riverpeak-software-065,Social Media Manager,RiverPeak Software,London,England,United Kingdom,True,Remote,"$45,000 - $53,100 / year",45000,53100,USD,/ year,RiverPeak Software is hiring a Social Media Manager to support its growing marketing team.,"## About the role

RiverPeak Software is looking for a entry Social Media Manager based in Remote. You will help the team deliver reliable, user-focused work while collaborating with stakeholders across the organization.

## What you will do

This role is ideal for someone who is organized, proactive, and comfortable learning quickly in a practical work environment.","[""Plan and execute campaigns across relevant digital channels."", ""Analyze campaign performance and recommend improvements."", ""Create content that supports brand awareness and conversion goals."", ""Collaborate with cross-functional teams to deliver high-quality work."", ""Document progress, decisions, and important updates clearly.""]","[""Experience with campaign planning, analytics, and content execution."", ""Comfortable interpreting performance metrics and testing improvements."", ""Strong communication, ownership, and problem-solving skills."", ""0-1 years of relevant experience or equivalent project background.""]","[""Meal allowance"", ""Retirement plan"", ""Paid training"", ""Remote work allowance""]","[""REMOTE"", ""ENTRY"", ""MARKETING"", ""ANALYTICS"", ""SEO"", ""GROWTH""]",https://dummyimage.com/256x256/4f46e5/ffffff.png&text=RS,#4f46e5,https://jobs.example.com/apply/social-media-manager-riverpeak-software-065,False,Entry,2026-08-07T10:00:00Z,51.5072,-0.1276,2026-04-28T23:00:00Z,seed-admin@example.com
brand-designer-novahire-group-066,Brand Designer,NovaHire Group,Davao City,Davao del Sur,Philippines,False,Part-time,₱137 - ₱178 / hr,137,178,PHP,/ hr,NovaHire Group is hiring a Brand Designer to support its growing design team.,"## About the role

NovaHire Group is looking for a entry Brand Designer based in Davao City, Philippines. You will help the team deliver reliable, user-focused work while collaborating with stakeholders across the organization.

## What you will do

This role is ideal for someone who is organized, proactive, and comfortable learning quickly in a practical work environment.","[""Create user flows, wireframes, prototypes, and polished interface designs."", ""Conduct usability reviews and turn feedback into design improvements."", ""Maintain consistent design patterns across product experiences."", ""Identify process improvements and help implement practical solutions."", ""Document progress, decisions, and important updates clearly.""]","[""Strong portfolio showing product thinking and visual design quality."", ""Experience using Figma or similar design tools."", ""Strong communication, ownership, and problem-solving skills."", ""0-1 years of relevant experience or equivalent project background.""]","[""HMO coverage"", ""Transportation allowance"", ""Performance bonuses"", ""Flexible PTO"", ""13th month pay"", ""Remote work allowance""]","[""PART-TIME"", ""ENTRY"", ""DESIGN"", ""PROTOTYPING"", ""DESIGN-SYSTEMS"", ""RESEARCH""]",https://dummyimage.com/256x256/0f766e/ffffff.png&text=NG,#0f766e,https://jobs.example.com/apply/brand-designer-novahire-group-066,False,Entry,2026-08-02T10:00:00Z,7.189873,125.4838,2026-05-03T05:00:00Z,seed-admin@example.com
payroll-specialist-nextwave-logistics-067,Payroll Specialist,NextWave Logistics,Remote,Metro Manila,Philippines,True,Hybrid,"₱22,000 - ₱27,500 / month",22000,27500,PHP,/ month,NextWave Logistics is hiring a Payroll Specialist to support its growing finance team.,"## About the role

NextWave Logistics is looking for a entry Payroll Specialist based in Remote. You will help the team deliver reliable, user-focused work while collaborating with stakeholders across the organization.

## What you will do

This role is ideal for someone who is organized, proactive, and comfortable learning quickly in a practical work environment.","[""Prepare financial reports, reconciliations, and supporting schedules."", ""Monitor expenses and ensure records are accurate and complete."", ""Support compliance with internal financial policies."", ""Document progress, decisions, and important updates clearly."", ""Collaborate with cross-functional teams to deliver high-quality work.""]","[""Knowledge of accounting principles, spreadsheets, and financial reporting."", ""High attention to detail and comfort with numerical data."", ""0-1 years of relevant experience or equivalent project background."", ""Strong communication, ownership, and problem-solving skills.""]","[""Flexible schedule"", ""Paid training"", ""Retirement plan"", ""13th month pay"", ""HMO coverage"", ""Health insurance"", ""Equipment provided""]","[""HYBRID"", ""ENTRY"", ""FINANCE"", ""AUDIT"", ""EXCEL""]",https://dummyimage.com/256x256/4f46e5/ffffff.png&text=NL,#4f46e5,https://jobs.example.com/apply/payroll-specialist-nextwave-logistics-067,False,Entry,2026-07-02T10:00:00Z,14.5547,121.0244,2026-04-29T06:00:00Z,seed-admin@example.com
mobile-app-developer-blueorbit-systems-068,Mobile App Developer,BlueOrbit Systems,New York,NY,USA,False,Part-time,$22 - $29 / hr,22,29,USD,/ hr,BlueOrbit Systems is hiring a Mobile App Developer to support its growing engineering team.,"## About the role

BlueOrbit Systems is looking for a entry Mobile App Developer based in New York, USA. You will help the team deliver reliable, user-focused work while collaborating with stakeholders across the organization.

## What you will do

This role is ideal for someone who is organized, proactive, and comfortable learning quickly in a practical work environment.","[""Build, test, and maintain scalable application features."", ""Review code and contribute to technical planning."", ""Troubleshoot bugs and improve application performance."", ""Identify process improvements and help implement practical solutions."", ""Document progress, decisions, and important updates clearly.""]","[""Experience with modern development workflows, Git, and debugging."", ""Understanding of APIs, databases, and application architecture."", ""0-1 years of relevant experience or equivalent project background."", ""Strong communication, ownership, and problem-solving skills.""]","[""Meal allowance"", ""Wellness stipend"", ""Retirement plan"", ""HMO coverage"", ""Stock options""]","[""PART-TIME"", ""ENTRY"", ""ENGINEERING"", ""REACT"", ""AWS"", ""JAVASCRIPT""]",https://dummyimage.com/256x256/059669/ffffff.png&text=BS,#059669,https://jobs.example.com/apply/mobile-app-developer-blueorbit-systems-068,False,Entry,2026-06-21T10:00:00Z,40.68479,-73.973133,2026-05-05T04:00:00Z,seed-admin@example.com
customer-support-representative-pixelforge-studio-069,Customer Support Representative,PixelForge Studio,Sydney,NSW,Australia,True,Hybrid,"$135,000 - $159,300 / year",135000,159300,USD,/ year,PixelForge Studio is hiring a Customer Support Representative to support its growing support team.,"## About the role

PixelForge Studio is looking for a senior Customer Support Representative based in Remote. You will help the team deliver reliable, user-focused work while collaborating with stakeholders across the organization.

## What you will do

This role is ideal for someone who is organized, proactive, and comfortable learning quickly in a practical work environment.","[""Respond to customer or internal requests through approved channels."", ""Resolve issues accurately while maintaining a helpful tone."", ""Escalate complex concerns with clear context and documentation."", ""Identify process improvements and help implement practical solutions."", ""Collaborate with cross-functional teams to deliver high-quality work.""]","[""Experience with customer service, ticketing tools, or administrative support."", ""Patient, organized, and able to handle repetitive tasks accurately."", ""Strong communication, ownership, and problem-solving skills."", ""5+ years of relevant experience or equivalent project background.""]","[""Performance bonuses"", ""Equipment provided"", ""Retirement plan"", ""Stock options"", ""Flexible PTO""]","[""HYBRID"", ""SENIOR"", ""SUPPORT"", ""CUSTOMER-SUPPORT"", ""ADMIN"", ""TICKETING""]",https://dummyimage.com/256x256/1a365d/ffffff.png&text=PS,#1a365d,https://jobs.example.com/apply/customer-support-representative-pixelforge-studio-069,False,Senior,2026-08-07T10:00:00Z,-33.8688,151.2093,2026-05-14T09:00:00Z,seed-admin@example.com
instructional-designer-brightpath-careers-070,Instructional Designer,BrightPath Careers,Bacolod,Negros Occidental,Philippines,True,Remote,"₱22,000 - ₱27,500 / month",22000,27500,PHP,/ month,BrightPath Careers is hiring a Instructional Designer to support its growing education team.,"## About the role

BrightPath Careers is looking for a entry Instructional Designer based in Remote. You will help the team deliver reliable, user-focused work while collaborating with stakeholders across the organization.

## What you will do

This role is ideal for someone who is organized, proactive, and comfortable learning quickly in a practical work environment.","[""Design or deliver learning experiences that support student outcomes."", ""Assess learner progress and provide actionable feedback."", ""Improve learning materials based on learner needs."", ""Identify process improvements and help implement practical solutions."", ""Document progress, decisions, and important updates clearly.""]","[""Experience teaching, training, tutoring, or building learning materials."", ""Ability to simplify complex topics for learners."", ""Ability to work independently and collaborate with a team."", ""Strong communication, ownership, and problem-solving skills.""]","[""Career development budget"", ""HMO coverage"", ""Transportation allowance"", ""Retirement plan"", ""Flexible PTO"", ""Meal allowance""]","[""REMOTE"", ""ENTRY"", ""EDUCATION"", ""CURRICULUM"", ""TRAINING"", ""E-LEARNING""]",https://dummyimage.com/256x256/dc2626/ffffff.png&text=BC,#dc2626,https://jobs.example.com/apply/instructional-designer-brightpath-careers-070,False,Entry,2026-07-10T10:00:00Z,10.6765,122.9509,2026-05-08T15:00:00Z,seed-admin@example.com
brand-designer-growthgrid-media-071,Brand Designer,GrowthGrid Media,Remote,Negros Occidental,Philippines,True,Remote,"₱85,000 - ₱106,250 / month",85000,106250,PHP,/ month,GrowthGrid Media is hiring a Brand Designer to support its growing design team.,"## About the role

GrowthGrid Media is looking for a senior Brand Designer based in Remote. You will help the team deliver reliable, user-focused work while collaborating with stakeholders across the organization.

## What you will do

This role is ideal for someone who is organized, proactive, and comfortable learning quickly in a practical work environment.","[""Create user flows, wireframes, prototypes, and polished interface designs."", ""Conduct usability reviews and turn feedback into design improvements."", ""Maintain consistent design patterns across product experiences."", ""Identify process improvements and help implement practical solutions."", ""Collaborate with cross-functional teams to deliver high-quality work.""]","[""Strong portfolio showing product thinking and visual design quality."", ""Experience using Figma or similar design tools."", ""Strong communication, ownership, and problem-solving skills."", ""5+ years of relevant experience or equivalent project background.""]","[""Paid training"", ""HMO coverage"", ""Stock options"", ""13th month pay"", ""Performance bonuses"", ""Flexible PTO""]","[""REMOTE"", ""SENIOR"", ""DESIGN"", ""PROTOTYPING"", ""RESEARCH"", ""UI""]",https://dummyimage.com/256x256/be123c/ffffff.png&text=GM,#be123c,https://jobs.example.com/apply/brand-designer-growthgrid-media-071,False,Senior,2026-07-31T10:00:00Z,10.6765,122.9509,2026-05-03T23:00:00Z,seed-admin@example.com
payroll-specialist-eduspark-learning-072,Payroll Specialist,EduSpark Learning,New York,NY,USA,False,Internship,$67 - $90 / hr,67,90,USD,/ hr,EduSpark Learning is hiring a Payroll Specialist to support its growing finance team.,"## About the role

EduSpark Learning is looking for a senior Payroll Specialist based in New York, USA. You will help the team deliver reliable, user-focused work while collaborating with stakeholders across the organization.

## What you will do

This role is ideal for someone who is organized, proactive, and comfortable learning quickly in a practical work environment.","[""Prepare financial reports, reconciliations, and supporting schedules."", ""Monitor expenses and ensure records are accurate and complete."", ""Support compliance with internal financial policies."", ""Document progress, decisions, and important updates clearly."", ""Identify process improvements and help implement practical solutions.""]","[""Knowledge of accounting principles, spreadsheets, and financial reporting."", ""High attention to detail and comfort with numerical data."", ""Strong communication, ownership, and problem-solving skills."", ""5+ years of relevant experience or equivalent project background.""]","[""Paid training"", ""Equipment provided"", ""Transportation allowance"", ""Wellness stipend"", ""Health insurance""]","[""INTERNSHIP"", ""SENIOR"", ""FINANCE"", ""REPORTING"", ""PAYROLL"", ""ACCOUNTING""]",https://dummyimage.com/256x256/7c3aed/ffffff.png&text=EL,#7c3aed,https://jobs.example.com/apply/payroll-specialist-eduspark-learning-072,False,Senior,2026-07-03T10:00:00Z,40.698143,-74.010392,2026-04-16T13:00:00Z,seed-admin@example.com
react-native-developer-carepoint-medical-073,React Native Developer,CarePoint Medical,Davao City,Davao del Sur,Philippines,False,Part-time,₱312 - ₱405 / hr,312,405,PHP,/ hr,CarePoint Medical is hiring a React Native Developer to support its growing engineering team.,"## About the role

CarePoint Medical is looking for a mid React Native Developer based in Davao City, Philippines. You will help the team deliver reliable, user-focused work while collaborating with stakeholders across the organization.

## What you will do

This role is ideal for someone who is organized, proactive, and comfortable learning quickly in a practical work environment.","[""Build, test, and maintain scalable application features."", ""Review code and contribute to technical planning."", ""Troubleshoot bugs and improve application performance."", ""Identify process improvements and help implement practical solutions."", ""Document progress, decisions, and important updates clearly.""]","[""Experience with modern development workflows, Git, and debugging."", ""Understanding of APIs, databases, and application architecture."", ""Ability to work independently and collaborate with a team."", ""3+ years of relevant experience or equivalent project background.""]","[""Health insurance"", ""Performance bonuses"", ""Retirement plan"", ""Flexible schedule""]","[""PART-TIME"", ""MID"", ""ENGINEERING"", ""MOBILE"", ""REACT"", ""SUPABASE""]",https://dummyimage.com/256x256/4f46e5/ffffff.png&text=CM,#4f46e5,https://jobs.example.com/apply/react-native-developer-carepoint-medical-073,False,Mid,2026-06-18T10:00:00Z,7.1564,125.485281,2026-05-02T00:00:00Z,seed-admin@example.com
it-helpdesk-associate-novahire-group-074,IT Helpdesk Associate,NovaHire Group,New York,NY,USA,False,Internship,$32 - $43 / hr,32,43,USD,/ hr,NovaHire Group is hiring a IT Helpdesk Associate to support its growing support team.,"## About the role

NovaHire Group is looking for a junior IT Helpdesk Associate based in New York, USA. You will help the team deliver reliable, user-focused work while collaborating with stakeholders across the organization.

## What you will do

This role is ideal for someone who is organized, proactive, and comfortable learning quickly in a practical work environment.","[""Respond to customer or internal requests through approved channels."", ""Resolve issues accurately while maintaining a helpful tone."", ""Escalate complex concerns with clear context and documentation."", ""Identify process improvements and help implement practical solutions."", ""Document progress, decisions, and important updates clearly.""]","[""Experience with customer service, ticketing tools, or administrative support."", ""Patient, organized, and able to handle repetitive tasks accurately."", ""1+ years of relevant experience or equivalent project background."", ""Ability to work independently and collaborate with a team.""]","[""13th month pay"", ""Career development budget"", ""Equipment provided"", ""Flexible schedule""]","[""INTERNSHIP"", ""JUNIOR"", ""SUPPORT"", ""DATA-ENTRY"", ""CUSTOMER-SUPPORT"", ""ADMIN""]",https://dummyimage.com/256x256/059669/ffffff.png&text=NG,#059669,https://jobs.example.com/apply/it-helpdesk-associate-novahire-group-074,False,Junior,2026-06-26T10:00:00Z,40.690762,-74.007882,2026-05-19T08:00:00Z,seed-admin@example.com
recruitment-specialist-brightpath-careers-075,Recruitment Specialist,BrightPath Careers,Sydney,NSW,Australia,False,Contract,$22 - $29 / hr,22,29,USD,/ hr,BrightPath Careers is hiring a Recruitment Specialist to support its growing business team.,"## About the role

BrightPath Careers is looking for a entry Recruitment Specialist based in Sydney, Australia. You will help the team deliver reliable, user-focused work while collaborating with stakeholders across the organization.

## What you will do

This role is ideal for someone who is organized, proactive, and comfortable learning quickly in a practical work environment.","[""Gather requirements and coordinate timelines with stakeholders."", ""Track operational metrics and prepare reports for leadership."", ""Support planning, execution, and follow-through of business initiatives."", ""Collaborate with cross-functional teams to deliver high-quality work."", ""Identify process improvements and help implement practical solutions.""]","[""Experience coordinating projects, stakeholders, or operational workflows."", ""Comfortable preparing reports and presenting recommendations."", ""Ability to work independently and collaborate with a team."", ""0-1 years of relevant experience or equivalent project background.""]","[""Paid training"", ""Career development budget"", ""Retirement plan"", ""HMO coverage"", ""Stock options"", ""Equipment provided"", ""Meal allowance""]","[""CONTRACT"", ""ENTRY"", ""BUSINESS"", ""CRM"", ""PRODUCT"", ""SALES""]",https://dummyimage.com/256x256/be123c/ffffff.png&text=BC,#be123c,https://jobs.example.com/apply/recruitment-specialist-brightpath-careers-075,False,Entry,2026-07-16T10:00:00Z,-33.885197,151.249262,2026-05-17T17:00:00Z,seed-admin@example.com
accounting-associate-eduspark-learning-076,Accounting Associate,EduSpark Learning,Iloilo City,Iloilo,Philippines,False,Full-time,"₱22,000 - ₱27,500 / month",22000,27500,PHP,/ month,EduSpark Learning is hiring a Accounting Associate to support its growing finance team.,"## About the role

EduSpark Learning is looking for a entry Accounting Associate based in Iloilo City, Philippines. You will help the team deliver reliable, user-focused work while collaborating with stakeholders across the organization.

## What you will do

This role is ideal for someone who is organized, proactive, and comfortable learning quickly in a practical work environment.","[""Prepare financial reports, reconciliations, and supporting schedules."", ""Monitor expenses and ensure records are accurate and complete."", ""Support compliance with internal financial policies."", ""Document progress, decisions, and important updates clearly."", ""Identify process improvements and help implement practical solutions.""]","[""Knowledge of accounting principles, spreadsheets, and financial reporting."", ""High attention to detail and comfort with numerical data."", ""Strong communication, ownership, and problem-solving skills."", ""Ability to work independently and collaborate with a team.""]","[""Flexible schedule"", ""Stock options"", ""Flexible PTO"", ""HMO coverage"", ""Career development budget""]","[""FULL-TIME"", ""ENTRY"", ""FINANCE"", ""ACCOUNTING"", ""PAYROLL""]",https://dummyimage.com/256x256/1a365d/ffffff.png&text=EL,#1a365d,https://jobs.example.com/apply/accounting-associate-eduspark-learning-076,False,Entry,2026-08-15T10:00:00Z,10.694862,122.551746,2026-05-16T03:00:00Z,seed-admin@example.com
api-integration-engineer-summitworks-077,API Integration Engineer,SummitWorks,London,England,United Kingdom,False,Part-time,$85 - $114 / hr,85,114,USD,/ hr,SummitWorks is hiring a API Integration Engineer to support its growing engineering team.,"## About the role

SummitWorks is looking for a lead API Integration Engineer based in London, United Kingdom. You will help the team deliver reliable, user-focused work while collaborating with stakeholders across the organization.

## What you will do

This role is ideal for someone who is organized, proactive, and comfortable learning quickly in a practical work environment.","[""Build, test, and maintain scalable application features."", ""Review code and contribute to technical planning."", ""Troubleshoot bugs and improve application performance."", ""Document progress, decisions, and important updates clearly."", ""Collaborate with cross-functional teams to deliver high-quality work.""]","[""Experience with modern development workflows, Git, and debugging."", ""Understanding of APIs, databases, and application architecture."", ""Strong communication, ownership, and problem-solving skills."", ""Ability to work independently and collaborate with a team.""]","[""Wellness stipend"", ""Flexible schedule"", ""Career development budget"", ""13th month pay"", ""HMO coverage"", ""Flexible PTO""]","[""PART-TIME"", ""LEAD"", ""ENGINEERING"", ""PYTHON"", ""TESTING"", ""AWS""]",https://dummyimage.com/256x256/1a365d/ffffff.png&text=S,#1a365d,https://jobs.example.com/apply/api-integration-engineer-summitworks-077,False,Lead,2026-07-25T10:00:00Z,51.50638,-0.11672,2026-05-26T05:00:00Z,seed-admin@example.com
finance-manager-kindredcare-clinics-078,Finance Manager,KindredCare Clinics,Toronto,ON,Canada,False,Full-time,"$135,000 - $159,300 / year",135000,159300,USD,/ year,KindredCare Clinics is hiring a Finance Manager to support its growing finance team.,"## About the role

KindredCare Clinics is looking for a senior Finance Manager based in Toronto, Canada. You will help the team deliver reliable, user-focused work while collaborating with stakeholders across the organization.

## What you will do

This role is ideal for someone who is organized, proactive, and comfortable learning quickly in a practical work environment.","[""Prepare financial reports, reconciliations, and supporting schedules."", ""Monitor expenses and ensure records are accurate and complete."", ""Support compliance with internal financial policies."", ""Identify process improvements and help implement practical solutions."", ""Collaborate with cross-functional teams to deliver high-quality work.""]","[""Knowledge of accounting principles, spreadsheets, and financial reporting."", ""High attention to detail and comfort with numerical data."", ""Ability to work independently and collaborate with a team."", ""5+ years of relevant experience or equivalent project background.""]","[""HMO coverage"", ""Transportation allowance"", ""Career development budget"", ""Wellness stipend"", ""Health insurance""]","[""FULL-TIME"", ""SENIOR"", ""FINANCE"", ""AUDIT"", ""ACCOUNTING""]",https://dummyimage.com/256x256/059669/ffffff.png&text=KC,#059669,https://jobs.example.com/apply/finance-manager-kindredcare-clinics-078,True,Senior,2026-08-25T10:00:00Z,43.614605,-79.375761,2026-04-19T19:00:00Z,seed-admin@example.com
software-engineer-mangobyte-apps-079,Software Engineer,MangoByte Apps,New York,NY,USA,False,Part-time,$85 - $114 / hr,85,114,USD,/ hr,MangoByte Apps is hiring a Software Engineer to support its growing engineering team.,"## About the role

MangoByte Apps is looking for a lead Software Engineer based in New York, USA. You will help the team deliver reliable, user-focused work while collaborating with stakeholders across the organization.

## What you will do

This role is ideal for someone who is organized, proactive, and comfortable learning quickly in a practical work environment.","[""Build, test, and maintain scalable application features."", ""Review code and contribute to technical planning."", ""Troubleshoot bugs and improve application performance."", ""Document progress, decisions, and important updates clearly."", ""Collaborate with cross-functional teams to deliver high-quality work.""]","[""Experience with modern development workflows, Git, and debugging."", ""Understanding of APIs, databases, and application architecture."", ""Strong communication, ownership, and problem-solving skills."", ""7+ years of relevant experience or equivalent project background.""]","[""Meal allowance"", ""Remote work allowance"", ""Career development budget"", ""Transportation allowance"", ""Flexible PTO"", ""Retirement plan""]","[""PART-TIME"", ""LEAD"", ""ENGINEERING"", ""PYTHON"", ""JAVASCRIPT"", ""NODEJS""]",https://dummyimage.com/256x256/059669/ffffff.png&text=MA,#059669,https://jobs.example.com/apply/software-engineer-mangobyte-apps-079,False,Lead,2026-06-13T10:00:00Z,40.751089,-74.018368,2026-04-12T15:00:00Z,seed-admin@example.com
project-coordinator-cleardesk-operations-080,Project Coordinator,ClearDesk Operations,London,England,United Kingdom,False,Internship,$47 - $63 / hr,47,63,USD,/ hr,ClearDesk Operations is hiring a Project Coordinator to support its growing business team.,"## About the role

ClearDesk Operations is looking for a mid Project Coordinator based in London, United Kingdom. You will help the team deliver reliable, user-focused work while collaborating with stakeholders across the organization.

## What you will do

This role is ideal for someone who is organized, proactive, and comfortable learning quickly in a practical work environment.","[""Gather requirements and coordinate timelines with stakeholders."", ""Track operational metrics and prepare reports for leadership."", ""Support planning, execution, and follow-through of business initiatives."", ""Document progress, decisions, and important updates clearly."", ""Identify process improvements and help implement practical solutions.""]","[""Experience coordinating projects, stakeholders, or operational workflows."", ""Comfortable preparing reports and presenting recommendations."", ""Ability to work independently and collaborate with a team."", ""Strong communication, ownership, and problem-solving skills.""]","[""HMO coverage"", ""13th month pay"", ""Stock options"", ""Remote work allowance""]","[""INTERNSHIP"", ""MID"", ""BUSINESS"", ""COMMUNICATION"", ""PROJECT-MANAGEMENT"", ""OPERATIONS""]",https://dummyimage.com/256x256/059669/ffffff.png&text=CO,#059669,https://jobs.example.com/apply/project-coordinator-cleardesk-operations-080,False,Mid,2026-08-06T10:00:00Z,51.541234,-0.161288,2026-04-25T04:00:00Z,seed-admin@example.com
recruitment-specialist-greenline-health-081,Recruitment Specialist,Greenline Health,Cebu City,Cebu,Philippines,False,Internship,₱137 - ₱178 / hr,137,178,PHP,/ hr,Greenline Health is hiring a Recruitment Specialist to support its growing business team.,"## About the role

Greenline Health is looking for a entry Recruitment Specialist based in Cebu City, Philippines. You will help the team deliver reliable, user-focused work while collaborating with stakeholders across the organization.

## What you will do

This role is ideal for someone who is organized, proactive, and comfortable learning quickly in a practical work environment.","[""Gather requirements and coordinate timelines with stakeholders."", ""Track operational metrics and prepare reports for leadership."", ""Support planning, execution, and follow-through of business initiatives."", ""Document progress, decisions, and important updates clearly."", ""Collaborate with cross-functional teams to deliver high-quality work.""]","[""Experience coordinating projects, stakeholders, or operational workflows."", ""Comfortable preparing reports and presenting recommendations."", ""Strong communication, ownership, and problem-solving skills."", ""0-1 years of relevant experience or equivalent project background.""]","[""Flexible PTO"", ""Meal allowance"", ""HMO coverage"", ""Health insurance"", ""Wellness stipend""]","[""INTERNSHIP"", ""ENTRY"", ""BUSINESS"", ""OPERATIONS"", ""SALES"", ""PROJECT-MANAGEMENT""]",https://dummyimage.com/256x256/be123c/ffffff.png&text=GH,#be123c,https://jobs.example.com/apply/recruitment-specialist-greenline-health-081,False,Entry,2026-07-06T10:00:00Z,10.339852,123.903577,2026-04-19T05:00:00Z,seed-admin@example.com
product-designer-mangobyte-apps-082,Product Designer,MangoByte Apps,New York,NY,USA,False,Internship,$47 - $63 / hr,47,63,USD,/ hr,MangoByte Apps is hiring a Product Designer to support its growing design team.,"## About the role

MangoByte Apps is looking for a mid Product Designer based in New York, USA. You will help the team deliver reliable, user-focused work while collaborating with stakeholders across the organization.

## What you will do

This role is ideal for someone who is organized, proactive, and comfortable learning quickly in a practical work environment.","[""Create user flows, wireframes, prototypes, and polished interface designs."", ""Conduct usability reviews and turn feedback into design improvements."", ""Maintain consistent design patterns across product experiences."", ""Collaborate with cross-functional teams to deliver high-quality work."", ""Identify process improvements and help implement practical solutions.""]","[""Strong portfolio showing product thinking and visual design quality."", ""Experience using Figma or similar design tools."", ""Strong communication, ownership, and problem-solving skills."", ""Ability to work independently and collaborate with a team.""]","[""Stock options"", ""Flexible PTO"", ""Career development budget"", ""Equipment provided"", ""Wellness stipend"", ""Paid training"", ""Transportation allowance""]","[""INTERNSHIP"", ""MID"", ""DESIGN"", ""UX"", ""UI"", ""PROTOTYPING""]",https://dummyimage.com/256x256/4f46e5/ffffff.png&text=MA,#4f46e5,https://jobs.example.com/apply/product-designer-mangobyte-apps-082,False,Mid,2026-07-24T10:00:00Z,40.728228,-74.005649,2026-05-08T06:00:00Z,seed-admin@example.com
backend-developer-metrobridge-analytics-083,Backend Developer,MetroBridge Analytics,Iloilo City,Iloilo,Philippines,False,Hybrid,"₱50,000 - ₱62,500 / month",50000,62500,PHP,/ month,MetroBridge Analytics is hiring a Backend Developer to support its growing engineering team.,"## About the role

MetroBridge Analytics is looking for a mid Backend Developer based in Iloilo City, Philippines. You will help the team deliver reliable, user-focused work while collaborating with stakeholders across the organization.

## What you will do

This role is ideal for someone who is organized, proactive, and comfortable learning quickly in a practical work environment.","[""Build, test, and maintain scalable application features."", ""Review code and contribute to technical planning."", ""Troubleshoot bugs and improve application performance."", ""Identify process improvements and help implement practical solutions."", ""Document progress, decisions, and important updates clearly.""]","[""Experience with modern development workflows, Git, and debugging."", ""Understanding of APIs, databases, and application architecture."", ""3+ years of relevant experience or equivalent project background."", ""Ability to work independently and collaborate with a team.""]","[""Flexible PTO"", ""Performance bonuses"", ""Career development budget"", ""Meal allowance"", ""Health insurance"", ""HMO coverage""]","[""HYBRID"", ""MID"", ""ENGINEERING"", ""TESTING"", ""PYTHON"", ""REACT""]",https://dummyimage.com/256x256/0f766e/ffffff.png&text=MA,#0f766e,https://jobs.example.com/apply/backend-developer-metrobridge-analytics-083,False,Mid,2026-06-27T10:00:00Z,10.738859,122.59085,2026-05-24T12:00:00Z,seed-admin@example.com
customer-support-representative-riverpeak-software-084,Customer Support Representative,RiverPeak Software,Remote,Metro Manila,Philippines,True,Hybrid,"₱85,000 - ₱106,250 / month",85000,106250,PHP,/ month,RiverPeak Software is hiring a Customer Support Representative to support its growing support team.,"## About the role

RiverPeak Software is looking for a senior Customer Support Representative based in Remote. You will help the team deliver reliable, user-focused work while collaborating with stakeholders across the organization.

## What you will do

This role is ideal for someone who is organized, proactive, and comfortable learning quickly in a practical work environment.","[""Respond to customer or internal requests through approved channels."", ""Resolve issues accurately while maintaining a helpful tone."", ""Escalate complex concerns with clear context and documentation."", ""Document progress, decisions, and important updates clearly."", ""Identify process improvements and help implement practical solutions.""]","[""Experience with customer service, ticketing tools, or administrative support."", ""Patient, organized, and able to handle repetitive tasks accurately."", ""5+ years of relevant experience or equivalent project background."", ""Ability to work independently and collaborate with a team.""]","[""Stock options"", ""Equipment provided"", ""Retirement plan"", ""HMO coverage""]","[""HYBRID"", ""SENIOR"", ""SUPPORT"", ""CUSTOMER-SUPPORT"", ""ADMIN"", ""TICKETING""]",https://dummyimage.com/256x256/4f46e5/ffffff.png&text=RS,#4f46e5,https://jobs.example.com/apply/customer-support-representative-riverpeak-software-084,False,Senior,2026-08-22T10:00:00Z,14.5547,121.0244,2026-04-22T01:00:00Z,seed-admin@example.com
recruitment-specialist-orbitly-085,Recruitment Specialist,Orbitly,Taguig,Metro Manila,Philippines,False,Hybrid,"₱22,000 - ₱27,500 / month",22000,27500,PHP,/ month,Orbitly is hiring a Recruitment Specialist to support its growing business team.,"## About the role

Orbitly is looking for a entry Recruitment Specialist based in Taguig, Philippines. You will help the team deliver reliable, user-focused work while collaborating with stakeholders across the organization.

## What you will do

This role is ideal for someone who is organized, proactive, and comfortable learning quickly in a practical work environment.","[""Gather requirements and coordinate timelines with stakeholders."", ""Track operational metrics and prepare reports for leadership."", ""Support planning, execution, and follow-through of business initiatives."", ""Identify process improvements and help implement practical solutions."", ""Document progress, decisions, and important updates clearly.""]","[""Experience coordinating projects, stakeholders, or operational workflows."", ""Comfortable preparing reports and presenting recommendations."", ""Strong communication, ownership, and problem-solving skills."", ""Ability to work independently and collaborate with a team.""]","[""Performance bonuses"", ""Health insurance"", ""Career development budget"", ""Transportation allowance"", ""HMO coverage""]","[""HYBRID"", ""ENTRY"", ""BUSINESS"", ""PROJECT-MANAGEMENT"", ""PRODUCT"", ""OPERATIONS""]",https://dummyimage.com/256x256/dc2626/ffffff.png&text=O,#dc2626,https://jobs.example.com/apply/recruitment-specialist-orbitly-085,False,Entry,2026-07-29T10:00:00Z,14.551117,121.078819,2026-04-17T08:00:00Z,seed-admin@example.com
instructional-designer-silverline-bpo-086,Instructional Designer,Silverline BPO,Toronto,ON,Canada,False,Part-time,$67 - $90 / hr,67,90,USD,/ hr,Silverline BPO is hiring a Instructional Designer to support its growing education team.,"## About the role

Silverline BPO is looking for a senior Instructional Designer based in Toronto, Canada. You will help the team deliver reliable, user-focused work while collaborating with stakeholders across the organization.

## What you will do

This role is ideal for someone who is organized, proactive, and comfortable learning quickly in a practical work environment.","[""Design or deliver learning experiences that support student outcomes."", ""Assess learner progress and provide actionable feedback."", ""Improve learning materials based on learner needs."", ""Identify process improvements and help implement practical solutions."", ""Document progress, decisions, and important updates clearly.""]","[""Experience teaching, training, tutoring, or building learning materials."", ""Ability to simplify complex topics for learners."", ""Strong communication, ownership, and problem-solving skills."", ""5+ years of relevant experience or equivalent project background.""]","[""HMO coverage"", ""Flexible PTO"", ""Paid training"", ""Stock options"", ""Health insurance"", ""13th month pay""]","[""PART-TIME"", ""SENIOR"", ""EDUCATION"", ""E-LEARNING"", ""TRAINING"", ""LMS""]",https://dummyimage.com/256x256/0f766e/ffffff.png&text=SB,#0f766e,https://jobs.example.com/apply/instructional-designer-silverline-bpo-086,False,Senior,2026-08-02T10:00:00Z,43.679099,-79.345671,2026-04-15T10:00:00Z,seed-admin@example.com
registered-nurse-visionary-design-co-087,Registered Nurse,Visionary Design Co.,Cebu City,Cebu,Philippines,False,Full-time,"₱30,000 - ₱37,500 / month",30000,37500,PHP,/ month,Visionary Design Co. is hiring a Registered Nurse to support its growing healthcare team.,"## About the role

Visionary Design Co. is looking for a junior Registered Nurse based in Cebu City, Philippines. You will help the team deliver reliable, user-focused work while collaborating with stakeholders across the organization.

## What you will do

This role is ideal for someone who is organized, proactive, and comfortable learning quickly in a practical work environment.","[""Provide safe, organized, and patient-centered support."", ""Maintain accurate records and follow clinical documentation standards."", ""Coordinate with medical staff to ensure smooth daily operations."", ""Identify process improvements and help implement practical solutions."", ""Collaborate with cross-functional teams to deliver high-quality work.""]","[""Relevant healthcare training, certification, or clinical experience."", ""Knowledge of patient safety, confidentiality, and documentation standards."", ""Strong communication, ownership, and problem-solving skills."", ""Ability to work independently and collaborate with a team.""]","[""Flexible PTO"", ""Retirement plan"", ""Wellness stipend"", ""Remote work allowance"", ""Flexible schedule"", ""Performance bonuses""]","[""FULL-TIME"", ""JUNIOR"", ""HEALTHCARE"", ""HOSPITAL"", ""PATIENT-CARE""]",https://dummyimage.com/256x256/4f46e5/ffffff.png&text=VD,#4f46e5,https://jobs.example.com/apply/registered-nurse-visionary-design-co-087,True,Junior,2026-08-05T10:00:00Z,10.304825,123.886231,2026-04-13T05:00:00Z,seed-admin@example.com
radiologic-technologist-aster-cloud-088,Radiologic Technologist,Aster Cloud,Iloilo City,Iloilo,Philippines,True,Remote,"₱22,000 - ₱27,500 / month",22000,27500,PHP,/ month,Aster Cloud is hiring a Radiologic Technologist to support its growing healthcare team.,"## About the role

Aster Cloud is looking for a entry Radiologic Technologist based in Remote. You will help the team deliver reliable, user-focused work while collaborating with stakeholders across the organization.

## What you will do

This role is ideal for someone who is organized, proactive, and comfortable learning quickly in a practical work environment.","[""Provide safe, organized, and patient-centered support."", ""Maintain accurate records and follow clinical documentation standards."", ""Coordinate with medical staff to ensure smooth daily operations."", ""Identify process improvements and help implement practical solutions."", ""Collaborate with cross-functional teams to deliver high-quality work.""]","[""Relevant healthcare training, certification, or clinical experience."", ""Knowledge of patient safety, confidentiality, and documentation standards."", ""Strong communication, ownership, and problem-solving skills."", ""Ability to work independently and collaborate with a team.""]","[""Career development budget"", ""Wellness stipend"", ""Flexible schedule"", ""Flexible PTO"", ""Transportation allowance"", ""Equipment provided"", ""Stock options""]","[""REMOTE"", ""ENTRY"", ""HEALTHCARE"", ""HOSPITAL"", ""CLINICAL"", ""PATIENT-CARE""]",https://dummyimage.com/256x256/dc2626/ffffff.png&text=AC,#dc2626,https://jobs.example.com/apply/radiologic-technologist-aster-cloud-088,False,Entry,2026-07-18T10:00:00Z,10.7202,122.5621,2026-05-15T12:00:00Z,seed-admin@example.com
financial-analyst-riverpeak-software-089,Financial Analyst,RiverPeak Software,Iloilo City,Iloilo,Philippines,True,Remote,"₱22,000 - ₱27,500 / month",22000,27500,PHP,/ month,RiverPeak Software is hiring a Financial Analyst to support its growing finance team.,"## About the role

RiverPeak Software is looking for a entry Financial Analyst based in Remote. You will help the team deliver reliable, user-focused work while collaborating with stakeholders across the organization.

## What you will do

This role is ideal for someone who is organized, proactive, and comfortable learning quickly in a practical work environment.","[""Prepare financial reports, reconciliations, and supporting schedules."", ""Monitor expenses and ensure records are accurate and complete."", ""Support compliance with internal financial policies."", ""Document progress, decisions, and important updates clearly."", ""Collaborate with cross-functional teams to deliver high-quality work.""]","[""Knowledge of accounting principles, spreadsheets, and financial reporting."", ""High attention to detail and comfort with numerical data."", ""Ability to work independently and collaborate with a team."", ""0-1 years of relevant experience or equivalent project background.""]","[""Remote work allowance"", ""Wellness stipend"", ""Performance bonuses"", ""HMO coverage"", ""Career development budget"", ""Health insurance"", ""Retirement plan""]","[""REMOTE"", ""ENTRY"", ""FINANCE"", ""PAYROLL"", ""AUDIT""]",https://dummyimage.com/256x256/ea580c/ffffff.png&text=RS,#ea580c,https://jobs.example.com/apply/financial-analyst-riverpeak-software-089,False,Entry,2026-07-25T10:00:00Z,10.7202,122.5621,2026-05-05T19:00:00Z,seed-admin@example.com
digital-marketing-specialist-kindredcare-clinics-090,Digital Marketing Specialist,KindredCare Clinics,Taguig,Metro Manila,Philippines,False,Internship,₱312 - ₱405 / hr,312,405,PHP,/ hr,KindredCare Clinics is hiring a Digital Marketing Specialist to support its growing marketing team.,"## About the role

KindredCare Clinics is looking for a mid Digital Marketing Specialist based in Taguig, Philippines. You will help the team deliver reliable, user-focused work while collaborating with stakeholders across the organization.

## What you will do

This role is ideal for someone who is organized, proactive, and comfortable learning quickly in a practical work environment.","[""Plan and execute campaigns across relevant digital channels."", ""Analyze campaign performance and recommend improvements."", ""Create content that supports brand awareness and conversion goals."", ""Identify process improvements and help implement practical solutions."", ""Document progress, decisions, and important updates clearly.""]","[""Experience with campaign planning, analytics, and content execution."", ""Comfortable interpreting performance metrics and testing improvements."", ""Strong communication, ownership, and problem-solving skills."", ""Ability to work independently and collaborate with a team.""]","[""Health insurance"", ""Equipment provided"", ""Wellness stipend"", ""Retirement plan""]","[""INTERNSHIP"", ""MID"", ""MARKETING"", ""SEO"", ""ADS"", ""GROWTH""]",https://dummyimage.com/256x256/ea580c/ffffff.png&text=KC,#ea580c,https://jobs.example.com/apply/digital-marketing-specialist-kindredcare-clinics-090,False,Mid,2026-07-06T10:00:00Z,14.53277,121.078843,2026-05-18T07:00:00Z,seed-admin@example.com
flutter-developer-growthgrid-media-091,Flutter Developer,GrowthGrid Media,Iloilo City,Iloilo,Philippines,False,Full-time,"₱85,000 - ₱106,250 / month",85000,106250,PHP,/ month,GrowthGrid Media is hiring a Flutter Developer to support its growing engineering team.,"## About the role

GrowthGrid Media is looking for a senior Flutter Developer based in Iloilo City, Philippines. You will help the team deliver reliable, user-focused work while collaborating with stakeholders across the organization.

## What you will do

This role is ideal for someone who is organized, proactive, and comfortable learning quickly in a practical work environment.","[""Build, test, and maintain scalable application features."", ""Review code and contribute to technical planning."", ""Troubleshoot bugs and improve application performance."", ""Collaborate with cross-functional teams to deliver high-quality work."", ""Identify process improvements and help implement practical solutions.""]","[""Experience with modern development workflows, Git, and debugging."", ""Understanding of APIs, databases, and application architecture."", ""Strong communication, ownership, and problem-solving skills."", ""Ability to work independently and collaborate with a team.""]","[""Flexible PTO"", ""Remote work allowance"", ""13th month pay"", ""HMO coverage""]","[""FULL-TIME"", ""SENIOR"", ""ENGINEERING"", ""AWS"", ""API"", ""PYTHON""]",https://dummyimage.com/256x256/7c3aed/ffffff.png&text=GM,#7c3aed,https://jobs.example.com/apply/flutter-developer-growthgrid-media-091,True,Senior,2026-06-15T10:00:00Z,10.734753,122.586877,2026-04-23T02:00:00Z,seed-admin@example.com
site-reliability-engineer-nextwave-logistics-092,Site Reliability Engineer,NextWave Logistics,London,England,United Kingdom,False,Part-time,$32 - $43 / hr,32,43,USD,/ hr,NextWave Logistics is hiring a Site Reliability Engineer to support its growing engineering team.,"## About the role

NextWave Logistics is looking for a junior Site Reliability Engineer based in London, United Kingdom. You will help the team deliver reliable, user-focused work while collaborating with stakeholders across the organization.

## What you will do

This role is ideal for someone who is organized, proactive, and comfortable learning quickly in a practical work environment.","[""Build, test, and maintain scalable application features."", ""Review code and contribute to technical planning."", ""Troubleshoot bugs and improve application performance."", ""Collaborate with cross-functional teams to deliver high-quality work."", ""Identify process improvements and help implement practical solutions.""]","[""Experience with modern development workflows, Git, and debugging."", ""Understanding of APIs, databases, and application architecture."", ""Ability to work independently and collaborate with a team."", ""Strong communication, ownership, and problem-solving skills.""]","[""Transportation allowance"", ""Stock options"", ""13th month pay"", ""Health insurance"", ""HMO coverage"", ""Flexible PTO""]","[""PART-TIME"", ""JUNIOR"", ""ENGINEERING"", ""NODEJS"", ""API"", ""REACT""]",https://dummyimage.com/256x256/059669/ffffff.png&text=NL,#059669,https://jobs.example.com/apply/site-reliability-engineer-nextwave-logistics-092,False,Junior,2026-06-22T10:00:00Z,51.524892,-0.160119,2026-05-12T15:00:00Z,seed-admin@example.com
community-manager-blueorbit-systems-093,Community Manager,BlueOrbit Systems,Singapore,Central Region,Singapore,False,Full-time,"S$3,500 - S$4,200 / month",3500,4200,SGD,/ month,BlueOrbit Systems is hiring a Community Manager to support its growing marketing team.,"## About the role

BlueOrbit Systems is looking for a entry Community Manager based in Singapore, Singapore. You will help the team deliver reliable, user-focused work while collaborating with stakeholders across the organization.

## What you will do

This role is ideal for someone who is organized, proactive, and comfortable learning quickly in a practical work environment.","[""Plan and execute campaigns across relevant digital channels."", ""Analyze campaign performance and recommend improvements."", ""Create content that supports brand awareness and conversion goals."", ""Collaborate with cross-functional teams to deliver high-quality work."", ""Document progress, decisions, and important updates clearly.""]","[""Experience with campaign planning, analytics, and content execution."", ""Comfortable interpreting performance metrics and testing improvements."", ""Strong communication, ownership, and problem-solving skills."", ""0-1 years of relevant experience or equivalent project background.""]","[""Health insurance"", ""Transportation allowance"", ""HMO coverage"", ""Remote work allowance"", ""Retirement plan""]","[""FULL-TIME"", ""ENTRY"", ""MARKETING"", ""ADS"", ""ANALYTICS"", ""SOCIAL-MEDIA""]",https://dummyimage.com/256x256/1a365d/ffffff.png&text=BS,#1a365d,https://jobs.example.com/apply/community-manager-blueorbit-systems-093,False,Entry,2026-07-17T10:00:00Z,1.312335,103.846112,2026-05-12T16:00:00Z,seed-admin@example.com
academic-coordinator-eduspark-learning-094,Academic Coordinator,EduSpark Learning,Kuala Lumpur,Federal Territory,Malaysia,False,Contract,$47 - $63 / hr,47,63,USD,/ hr,EduSpark Learning is hiring a Academic Coordinator to support its growing education team.,"## About the role

EduSpark Learning is looking for a mid Academic Coordinator based in Kuala Lumpur, Malaysia. You will help the team deliver reliable, user-focused work while collaborating with stakeholders across the organization.

## What you will do

This role is ideal for someone who is organized, proactive, and comfortable learning quickly in a practical work environment.","[""Design or deliver learning experiences that support student outcomes."", ""Assess learner progress and provide actionable feedback."", ""Improve learning materials based on learner needs."", ""Collaborate with cross-functional teams to deliver high-quality work."", ""Identify process improvements and help implement practical solutions.""]","[""Experience teaching, training, tutoring, or building learning materials."", ""Ability to simplify complex topics for learners."", ""Ability to work independently and collaborate with a team."", ""3+ years of relevant experience or equivalent project background.""]","[""Wellness stipend"", ""13th month pay"", ""Transportation allowance"", ""Equipment provided"", ""Flexible PTO"", ""HMO coverage"", ""Remote work allowance""]","[""CONTRACT"", ""MID"", ""EDUCATION"", ""E-LEARNING"", ""CURRICULUM"", ""TRAINING""]",https://dummyimage.com/256x256/0891b2/ffffff.png&text=EL,#0891b2,https://jobs.example.com/apply/academic-coordinator-eduspark-learning-094,False,Mid,2026-08-18T10:00:00Z,3.127611,101.662156,2026-05-20T17:00:00Z,seed-admin@example.com
accounting-associate-riverpeak-software-095,Accounting Associate,RiverPeak Software,Bacolod,Negros Occidental,Philippines,True,Hybrid,"₱85,000 - ₱106,250 / month",85000,106250,PHP,/ month,RiverPeak Software is hiring a Accounting Associate to support its growing finance team.,"## About the role

RiverPeak Software is looking for a senior Accounting Associate based in Remote. You will help the team deliver reliable, user-focused work while collaborating with stakeholders across the organization.

## What you will do

This role is ideal for someone who is organized, proactive, and comfortable learning quickly in a practical work environment.","[""Prepare financial reports, reconciliations, and supporting schedules."", ""Monitor expenses and ensure records are accurate and complete."", ""Support compliance with internal financial policies."", ""Collaborate with cross-functional teams to deliver high-quality work."", ""Document progress, decisions, and important updates clearly.""]","[""Knowledge of accounting principles, spreadsheets, and financial reporting."", ""High attention to detail and comfort with numerical data."", ""Ability to work independently and collaborate with a team."", ""Strong communication, ownership, and problem-solving skills.""]","[""Career development budget"", ""Retirement plan"", ""Stock options"", ""Equipment provided"", ""13th month pay"", ""Flexible PTO"", ""Remote work allowance""]","[""HYBRID"", ""SENIOR"", ""FINANCE"", ""ACCOUNTING"", ""PAYROLL""]",https://dummyimage.com/256x256/2563eb/ffffff.png&text=RS,#2563eb,https://jobs.example.com/apply/accounting-associate-riverpeak-software-095,False,Senior,2026-08-18T10:00:00Z,10.6765,122.9509,2026-05-14T23:00:00Z,seed-admin@example.com
instructional-designer-visionary-design-co-096,Instructional Designer,Visionary Design Co.,New York,NY,USA,False,Full-time,"$65,000 - $76,700 / year",65000,76700,USD,/ year,Visionary Design Co. is hiring a Instructional Designer to support its growing education team.,"## About the role

Visionary Design Co. is looking for a junior Instructional Designer based in New York, USA. You will help the team deliver reliable, user-focused work while collaborating with stakeholders across the organization.

## What you will do

This role is ideal for someone who is organized, proactive, and comfortable learning quickly in a practical work environment.","[""Design or deliver learning experiences that support student outcomes."", ""Assess learner progress and provide actionable feedback."", ""Improve learning materials based on learner needs."", ""Identify process improvements and help implement practical solutions."", ""Document progress, decisions, and important updates clearly.""]","[""Experience teaching, training, tutoring, or building learning materials."", ""Ability to simplify complex topics for learners."", ""Strong communication, ownership, and problem-solving skills."", ""1+ years of relevant experience or equivalent project background.""]","[""Health insurance"", ""Remote work allowance"", ""Retirement plan"", ""Transportation allowance"", ""Stock options"", ""Meal allowance""]","[""FULL-TIME"", ""JUNIOR"", ""EDUCATION"", ""TRAINING"", ""E-LEARNING"", ""CURRICULUM""]",https://dummyimage.com/256x256/dc2626/ffffff.png&text=VD,#dc2626,https://jobs.example.com/apply/instructional-designer-visionary-design-co-096,False,Junior,2026-06-28T10:00:00Z,40.748187,-73.999293,2026-05-11T03:00:00Z,seed-admin@example.com
it-helpdesk-associate-harborpoint-solutions-097,IT Helpdesk Associate,HarborPoint Solutions,Taguig,Metro Manila,Philippines,False,Contract,₱312 - ₱405 / hr,312,405,PHP,/ hr,HarborPoint Solutions is hiring a IT Helpdesk Associate to support its growing support team.,"## About the role

HarborPoint Solutions is looking for a mid IT Helpdesk Associate based in Taguig, Philippines. You will help the team deliver reliable, user-focused work while collaborating with stakeholders across the organization.

## What you will do

This role is ideal for someone who is organized, proactive, and comfortable learning quickly in a practical work environment.","[""Respond to customer or internal requests through approved channels."", ""Resolve issues accurately while maintaining a helpful tone."", ""Escalate complex concerns with clear context and documentation."", ""Collaborate with cross-functional teams to deliver high-quality work."", ""Document progress, decisions, and important updates clearly.""]","[""Experience with customer service, ticketing tools, or administrative support."", ""Patient, organized, and able to handle repetitive tasks accurately."", ""3+ years of relevant experience or equivalent project background."", ""Ability to work independently and collaborate with a team.""]","[""Career development budget"", ""Retirement plan"", ""Wellness stipend"", ""Flexible PTO"", ""Transportation allowance""]","[""CONTRACT"", ""MID"", ""SUPPORT"", ""DATA-ENTRY"", ""TICKETING"", ""HELPDESK""]",https://dummyimage.com/256x256/dc2626/ffffff.png&text=HS,#dc2626,https://jobs.example.com/apply/it-helpdesk-associate-harborpoint-solutions-097,False,Mid,2026-07-18T10:00:00Z,14.543006,121.06833,2026-05-03T07:00:00Z,seed-admin@example.com
computer-science-instructor-cloudnest-technologies-098,Computer Science Instructor,CloudNest Technologies,Taguig,Metro Manila,Philippines,False,Contract,₱531 - ₱690 / hr,531,690,PHP,/ hr,CloudNest Technologies is hiring a Computer Science Instructor to support its growing education team.,"## About the role

CloudNest Technologies is looking for a senior Computer Science Instructor based in Taguig, Philippines. You will help the team deliver reliable, user-focused work while collaborating with stakeholders across the organization.

## What you will do

This role is ideal for someone who is organized, proactive, and comfortable learning quickly in a practical work environment.","[""Design or deliver learning experiences that support student outcomes."", ""Assess learner progress and provide actionable feedback."", ""Improve learning materials based on learner needs."", ""Collaborate with cross-functional teams to deliver high-quality work."", ""Document progress, decisions, and important updates clearly.""]","[""Experience teaching, training, tutoring, or building learning materials."", ""Ability to simplify complex topics for learners."", ""5+ years of relevant experience or equivalent project background."", ""Ability to work independently and collaborate with a team.""]","[""Wellness stipend"", ""Transportation allowance"", ""Performance bonuses"", ""Equipment provided"", ""13th month pay"", ""Career development budget""]","[""CONTRACT"", ""SENIOR"", ""EDUCATION"", ""TEACHING"", ""LMS"", ""E-LEARNING""]",https://dummyimage.com/256x256/ea580c/ffffff.png&text=CT,#ea580c,https://jobs.example.com/apply/computer-science-instructor-cloudnest-technologies-098,True,Senior,2026-07-29T10:00:00Z,14.494597,121.082975,2026-04-16T20:00:00Z,seed-admin@example.com
design-systems-specialist-kindredcare-clinics-099,Design Systems Specialist,KindredCare Clinics,San Francisco,CA,USA,False,Internship,$47 - $63 / hr,47,63,USD,/ hr,KindredCare Clinics is hiring a Design Systems Specialist to support its growing design team.,"## About the role

KindredCare Clinics is looking for a mid Design Systems Specialist based in San Francisco, USA. You will help the team deliver reliable, user-focused work while collaborating with stakeholders across the organization.

## What you will do

This role is ideal for someone who is organized, proactive, and comfortable learning quickly in a practical work environment.","[""Create user flows, wireframes, prototypes, and polished interface designs."", ""Conduct usability reviews and turn feedback into design improvements."", ""Maintain consistent design patterns across product experiences."", ""Collaborate with cross-functional teams to deliver high-quality work."", ""Document progress, decisions, and important updates clearly.""]","[""Strong portfolio showing product thinking and visual design quality."", ""Experience using Figma or similar design tools."", ""Strong communication, ownership, and problem-solving skills."", ""Ability to work independently and collaborate with a team.""]","[""Flexible PTO"", ""13th month pay"", ""Career development budget"", ""Meal allowance"", ""Wellness stipend""]","[""INTERNSHIP"", ""MID"", ""DESIGN"", ""RESEARCH"", ""PROTOTYPING"", ""DESIGN-SYSTEMS""]",https://dummyimage.com/256x256/1a365d/ffffff.png&text=KC,#1a365d,https://jobs.example.com/apply/design-systems-specialist-kindredcare-clinics-099,True,Mid,2026-08-23T10:00:00Z,37.758125,-122.437748,2026-04-13T19:00:00Z,seed-admin@example.com
learning-experience-designer-mangobyte-apps-100,Learning Experience Designer,MangoByte Apps,Quezon City,Metro Manila,Philippines,False,Hybrid,"₱22,000 - ₱27,500 / month",22000,27500,PHP,/ month,MangoByte Apps is hiring a Learning Experience Designer to support its growing education team.,"## About the role

MangoByte Apps is looking for a entry Learning Experience Designer based in Quezon City, Philippines. You will help the team deliver reliable, user-focused work while collaborating with stakeholders across the organization.

## What you will do

This role is ideal for someone who is organized, proactive, and comfortable learning quickly in a practical work environment.","[""Design or deliver learning experiences that support student outcomes."", ""Assess learner progress and provide actionable feedback."", ""Improve learning materials based on learner needs."", ""Document progress, decisions, and important updates clearly."", ""Collaborate with cross-functional teams to deliver high-quality work.""]","[""Experience teaching, training, tutoring, or building learning materials."", ""Ability to simplify complex topics for learners."", ""Strong communication, ownership, and problem-solving skills."", ""0-1 years of relevant experience or equivalent project background.""]","[""Flexible PTO"", ""Retirement plan"", ""Wellness stipend"", ""HMO coverage"", ""Flexible schedule""]","[""HYBRID"", ""ENTRY"", ""EDUCATION"", ""TEACHING"", ""CURRICULUM"", ""E-LEARNING""]",https://dummyimage.com/256x256/059669/ffffff.png&text=MA,#059669,https://jobs.example.com/apply/learning-experience-designer-mangobyte-apps-100,False,Entry,2026-08-20T10:00:00Z,14.637644,121.071821,2026-05-05T18:00:00Z,seed-admin@example.com
react-native-developer-northstar-labs-101,React Native Developer,Northstar Labs,Quezon City,Metro Manila,Philippines,False,Part-time,₱312 - ₱405 / hr,312,405,PHP,/ hr,Northstar Labs is hiring a React Native Developer to support its growing engineering team.,"## About the role

Northstar Labs is looking for a mid React Native Developer based in Quezon City, Philippines. You will help the team deliver reliable, user-focused work while collaborating with stakeholders across the organization.

## What you will do

This role is ideal for someone who is organized, proactive, and comfortable learning quickly in a practical work environment.","[""Build, test, and maintain scalable application features."", ""Review code and contribute to technical planning."", ""Troubleshoot bugs and improve application performance."", ""Identify process improvements and help implement practical solutions."", ""Document progress, decisions, and important updates clearly.""]","[""Experience with modern development workflows, Git, and debugging."", ""Understanding of APIs, databases, and application architecture."", ""3+ years of relevant experience or equivalent project background."", ""Strong communication, ownership, and problem-solving skills.""]","[""Performance bonuses"", ""Flexible schedule"", ""Wellness stipend"", ""Meal allowance"", ""HMO coverage"", ""Flexible PTO""]","[""PART-TIME"", ""MID"", ""ENGINEERING"", ""AWS"", ""REACT"", ""API""]",https://dummyimage.com/256x256/7c3aed/ffffff.png&text=NL,#7c3aed,https://jobs.example.com/apply/react-native-developer-northstar-labs-101,True,Mid,2026-08-23T10:00:00Z,14.657924,121.028916,2026-05-17T17:00:00Z,seed-admin@example.com
flutter-developer-blueorbit-systems-102,Flutter Developer,BlueOrbit Systems,Tokyo,Tokyo,Japan,False,Internship,$22 - $29 / hr,22,29,USD,/ hr,BlueOrbit Systems is hiring a Flutter Developer to support its growing engineering team.,"## About the role

BlueOrbit Systems is looking for a entry Flutter Developer based in Tokyo, Japan. You will help the team deliver reliable, user-focused work while collaborating with stakeholders across the organization.

## What you will do

This role is ideal for someone who is organized, proactive, and comfortable learning quickly in a practical work environment.","[""Build, test, and maintain scalable application features."", ""Review code and contribute to technical planning."", ""Troubleshoot bugs and improve application performance."", ""Identify process improvements and help implement practical solutions."", ""Document progress, decisions, and important updates clearly.""]","[""Experience with modern development workflows, Git, and debugging."", ""Understanding of APIs, databases, and application architecture."", ""Ability to work independently and collaborate with a team."", ""0-1 years of relevant experience or equivalent project background.""]","[""Flexible schedule"", ""Remote work allowance"", ""Wellness stipend"", ""Paid training"", ""Retirement plan"", ""13th month pay"", ""HMO coverage""]","[""INTERNSHIP"", ""ENTRY"", ""ENGINEERING"", ""TESTING"", ""JAVASCRIPT"", ""PYTHON""]",https://dummyimage.com/256x256/0891b2/ffffff.png&text=BS,#0891b2,https://jobs.example.com/apply/flutter-developer-blueorbit-systems-102,False,Entry,2026-06-21T10:00:00Z,35.686988,139.659488,2026-04-18T06:00:00Z,seed-admin@example.com
recruitment-specialist-summitworks-103,Recruitment Specialist,SummitWorks,Toronto,ON,Canada,False,Internship,$22 - $29 / hr,22,29,USD,/ hr,SummitWorks is hiring a Recruitment Specialist to support its growing business team.,"## About the role

SummitWorks is looking for a entry Recruitment Specialist based in Toronto, Canada. You will help the team deliver reliable, user-focused work while collaborating with stakeholders across the organization.

## What you will do

This role is ideal for someone who is organized, proactive, and comfortable learning quickly in a practical work environment.","[""Gather requirements and coordinate timelines with stakeholders."", ""Track operational metrics and prepare reports for leadership."", ""Support planning, execution, and follow-through of business initiatives."", ""Collaborate with cross-functional teams to deliver high-quality work."", ""Identify process improvements and help implement practical solutions.""]","[""Experience coordinating projects, stakeholders, or operational workflows."", ""Comfortable preparing reports and presenting recommendations."", ""0-1 years of relevant experience or equivalent project background."", ""Strong communication, ownership, and problem-solving skills.""]","[""Flexible PTO"", ""Retirement plan"", ""Flexible schedule"", ""Wellness stipend""]","[""INTERNSHIP"", ""ENTRY"", ""BUSINESS"", ""PROJECT-MANAGEMENT"", ""PRODUCT"", ""CRM""]",https://dummyimage.com/256x256/059669/ffffff.png&text=S,#059669,https://jobs.example.com/apply/recruitment-specialist-summitworks-103,False,Entry,2026-07-03T10:00:00Z,43.687751,-79.419327,2026-04-11T14:00:00Z,seed-admin@example.com
operations-manager-harborpoint-solutions-104,Operations Manager,HarborPoint Solutions,Toronto,ON,Canada,False,Contract,$32 - $43 / hr,32,43,USD,/ hr,HarborPoint Solutions is hiring a Operations Manager to support its growing business team.,"## About the role

HarborPoint Solutions is looking for a junior Operations Manager based in Toronto, Canada. You will help the team deliver reliable, user-focused work while collaborating with stakeholders across the organization.

## What you will do

This role is ideal for someone who is organized, proactive, and comfortable learning quickly in a practical work environment.","[""Gather requirements and coordinate timelines with stakeholders."", ""Track operational metrics and prepare reports for leadership."", ""Support planning, execution, and follow-through of business initiatives."", ""Document progress, decisions, and important updates clearly."", ""Collaborate with cross-functional teams to deliver high-quality work.""]","[""Experience coordinating projects, stakeholders, or operational workflows."", ""Comfortable preparing reports and presenting recommendations."", ""Ability to work independently and collaborate with a team."", ""Strong communication, ownership, and problem-solving skills.""]","[""Retirement plan"", ""Transportation allowance"", ""Meal allowance"", ""HMO coverage"", ""Paid training"", ""13th month pay""]","[""CONTRACT"", ""JUNIOR"", ""BUSINESS"", ""COMMUNICATION"", ""SALES"", ""OPERATIONS""]",https://dummyimage.com/256x256/1a365d/ffffff.png&text=HS,#1a365d,https://jobs.example.com/apply/operations-manager-harborpoint-solutions-104,False,Junior,2026-08-15T10:00:00Z,43.641766,-79.366893,2026-04-20T01:00:00Z,seed-admin@example.com
project-coordinator-cloudnest-technologies-105,Project Coordinator,CloudNest Technologies,Singapore,Central Region,Singapore,False,Contract,S$12 - S$17 / hr,12,17,SGD,/ hr,CloudNest Technologies is hiring a Project Coordinator to support its growing business team.,"## About the role

CloudNest Technologies is looking for a senior Project Coordinator based in Singapore, Singapore. You will help the team deliver reliable, user-focused work while collaborating with stakeholders across the organization.

## What you will do

This role is ideal for someone who is organized, proactive, and comfortable learning quickly in a practical work environment.","[""Gather requirements and coordinate timelines with stakeholders."", ""Track operational metrics and prepare reports for leadership."", ""Support planning, execution, and follow-through of business initiatives."", ""Identify process improvements and help implement practical solutions."", ""Document progress, decisions, and important updates clearly.""]","[""Experience coordinating projects, stakeholders, or operational workflows."", ""Comfortable preparing reports and presenting recommendations."", ""Strong communication, ownership, and problem-solving skills."", ""5+ years of relevant experience or equivalent project background.""]","[""13th month pay"", ""Health insurance"", ""Wellness stipend"", ""Remote work allowance"", ""Performance bonuses"", ""Transportation allowance""]","[""CONTRACT"", ""SENIOR"", ""BUSINESS"", ""PROJECT-MANAGEMENT"", ""COMMUNICATION"", ""SALES""]",https://dummyimage.com/256x256/0891b2/ffffff.png&text=CT,#0891b2,https://jobs.example.com/apply/project-coordinator-cloudnest-technologies-105,False,Senior,2026-08-03T10:00:00Z,1.330591,103.799898,2026-04-23T13:00:00Z,seed-admin@example.com
motion-designer-growthgrid-media-106,Motion Designer,GrowthGrid Media,Toronto,ON,Canada,False,Part-time,$22 - $29 / hr,22,29,USD,/ hr,GrowthGrid Media is hiring a Motion Designer to support its growing design team.,"## About the role

GrowthGrid Media is looking for a entry Motion Designer based in Toronto, Canada. You will help the team deliver reliable, user-focused work while collaborating with stakeholders across the organization.

## What you will do

This role is ideal for someone who is organized, proactive, and comfortable learning quickly in a practical work environment.","[""Create user flows, wireframes, prototypes, and polished interface designs."", ""Conduct usability reviews and turn feedback into design improvements."", ""Maintain consistent design patterns across product experiences."", ""Identify process improvements and help implement practical solutions."", ""Document progress, decisions, and important updates clearly.""]","[""Strong portfolio showing product thinking and visual design quality."", ""Experience using Figma or similar design tools."", ""Strong communication, ownership, and problem-solving skills."", ""0-1 years of relevant experience or equivalent project background.""]","[""Performance bonuses"", ""Wellness stipend"", ""Remote work allowance"", ""Flexible PTO""]","[""PART-TIME"", ""ENTRY"", ""DESIGN"", ""UX"", ""RESEARCH"", ""PROTOTYPING""]",https://dummyimage.com/256x256/4f46e5/ffffff.png&text=GM,#4f46e5,https://jobs.example.com/apply/motion-designer-growthgrid-media-106,False,Entry,2026-06-22T10:00:00Z,43.686892,-79.35303,2026-04-17T06:00:00Z,seed-admin@example.com
customer-support-representative-aster-cloud-107,Customer Support Representative,Aster Cloud,San Francisco,CA,USA,False,Full-time,"$45,000 - $53,100 / year",45000,53100,USD,/ year,Aster Cloud is hiring a Customer Support Representative to support its growing support team.,"## About the role

Aster Cloud is looking for a entry Customer Support Representative based in San Francisco, USA. You will help the team deliver reliable, user-focused work while collaborating with stakeholders across the organization.

## What you will do

This role is ideal for someone who is organized, proactive, and comfortable learning quickly in a practical work environment.","[""Respond to customer or internal requests through approved channels."", ""Resolve issues accurately while maintaining a helpful tone."", ""Escalate complex concerns with clear context and documentation."", ""Document progress, decisions, and important updates clearly."", ""Identify process improvements and help implement practical solutions.""]","[""Experience with customer service, ticketing tools, or administrative support."", ""Patient, organized, and able to handle repetitive tasks accurately."", ""Strong communication, ownership, and problem-solving skills."", ""0-1 years of relevant experience or equivalent project background.""]","[""HMO coverage"", ""Career development budget"", ""Performance bonuses"", ""Stock options"", ""Wellness stipend"", ""13th month pay"", ""Flexible PTO""]","[""FULL-TIME"", ""ENTRY"", ""SUPPORT"", ""CUSTOMER-SUPPORT"", ""TICKETING"", ""DATA-ENTRY""]",https://dummyimage.com/256x256/7c3aed/ffffff.png&text=AC,#7c3aed,https://jobs.example.com/apply/customer-support-representative-aster-cloud-107,True,Entry,2026-08-02T10:00:00Z,37.812821,-122.394683,2026-05-07T05:00:00Z,seed-admin@example.com
ui-ux-designer-northstar-labs-108,UI/UX Designer,Northstar Labs,London,England,United Kingdom,False,Contract,$85 - $114 / hr,85,114,USD,/ hr,Northstar Labs is hiring a UI/UX Designer to support its growing design team.,"## About the role

Northstar Labs is looking for a lead UI/UX Designer based in London, United Kingdom. You will help the team deliver reliable, user-focused work while collaborating with stakeholders across the organization.

## What you will do

This role is ideal for someone who is organized, proactive, and comfortable learning quickly in a practical work environment.","[""Create user flows, wireframes, prototypes, and polished interface designs."", ""Conduct usability reviews and turn feedback into design improvements."", ""Maintain consistent design patterns across product experiences."", ""Identify process improvements and help implement practical solutions."", ""Collaborate with cross-functional teams to deliver high-quality work.""]","[""Strong portfolio showing product thinking and visual design quality."", ""Experience using Figma or similar design tools."", ""7+ years of relevant experience or equivalent project background."", ""Strong communication, ownership, and problem-solving skills.""]","[""Paid training"", ""Flexible schedule"", ""Stock options"", ""Performance bonuses"", ""Equipment provided"", ""Flexible PTO""]","[""CONTRACT"", ""LEAD"", ""DESIGN"", ""PROTOTYPING"", ""FIGMA"", ""DESIGN-SYSTEMS""]",https://dummyimage.com/256x256/0f766e/ffffff.png&text=NL,#0f766e,https://jobs.example.com/apply/ui-ux-designer-northstar-labs-108,True,Lead,2026-08-13T10:00:00Z,51.541834,-0.092003,2026-04-21T08:00:00Z,seed-admin@example.com
data-entry-specialist-greenline-health-109,Data Entry Specialist,Greenline Health,Toronto,ON,Canada,True,Remote,"$95,000 - $112,100 / year",95000,112100,USD,/ year,Greenline Health is hiring a Data Entry Specialist to support its growing support team.,"## About the role

Greenline Health is looking for a mid Data Entry Specialist based in Remote. You will help the team deliver reliable, user-focused work while collaborating with stakeholders across the organization.

## What you will do

This role is ideal for someone who is organized, proactive, and comfortable learning quickly in a practical work environment.","[""Respond to customer or internal requests through approved channels."", ""Resolve issues accurately while maintaining a helpful tone."", ""Escalate complex concerns with clear context and documentation."", ""Identify process improvements and help implement practical solutions."", ""Document progress, decisions, and important updates clearly.""]","[""Experience with customer service, ticketing tools, or administrative support."", ""Patient, organized, and able to handle repetitive tasks accurately."", ""Strong communication, ownership, and problem-solving skills."", ""Ability to work independently and collaborate with a team.""]","[""Career development budget"", ""Transportation allowance"", ""Wellness stipend"", ""Stock options"", ""Paid training"", ""HMO coverage"", ""Retirement plan""]","[""REMOTE"", ""MID"", ""SUPPORT"", ""DATA-ENTRY"", ""TICKETING"", ""CUSTOMER-SUPPORT""]",https://dummyimage.com/256x256/1a365d/ffffff.png&text=GH,#1a365d,https://jobs.example.com/apply/data-entry-specialist-greenline-health-109,True,Mid,2026-06-27T10:00:00Z,43.6532,-79.3832,2026-05-23T14:00:00Z,seed-admin@example.com
customer-success-manager-heliosoft-110,Customer Success Manager,HelioSoft,Taguig,Metro Manila,Philippines,False,Internship,₱187 - ₱243 / hr,187,243,PHP,/ hr,HelioSoft is hiring a Customer Success Manager to support its growing business team.,"## About the role

HelioSoft is looking for a junior Customer Success Manager based in Taguig, Philippines. You will help the team deliver reliable, user-focused work while collaborating with stakeholders across the organization.

## What you will do

This role is ideal for someone who is organized, proactive, and comfortable learning quickly in a practical work environment.","[""Gather requirements and coordinate timelines with stakeholders."", ""Track operational metrics and prepare reports for leadership."", ""Support planning, execution, and follow-through of business initiatives."", ""Identify process improvements and help implement practical solutions."", ""Collaborate with cross-functional teams to deliver high-quality work.""]","[""Experience coordinating projects, stakeholders, or operational workflows."", ""Comfortable preparing reports and presenting recommendations."", ""Strong communication, ownership, and problem-solving skills."", ""1+ years of relevant experience or equivalent project background.""]","[""Retirement plan"", ""HMO coverage"", ""Flexible schedule"", ""Paid training"", ""13th month pay"", ""Remote work allowance"", ""Wellness stipend""]","[""INTERNSHIP"", ""JUNIOR"", ""BUSINESS"", ""CRM"", ""PROJECT-MANAGEMENT"", ""SALES""]",https://dummyimage.com/256x256/be123c/ffffff.png&text=H,#be123c,https://jobs.example.com/apply/customer-success-manager-heliosoft-110,False,Junior,2026-08-16T10:00:00Z,14.529269,121.029859,2026-04-27T18:00:00Z,seed-admin@example.com
learning-experience-designer-lumenstack-111,Learning Experience Designer,LumenStack,Bacolod,Negros Occidental,Philippines,False,Hybrid,"₱50,000 - ₱62,500 / month",50000,62500,PHP,/ month,LumenStack is hiring a Learning Experience Designer to support its growing education team.,"## About the role

LumenStack is looking for a mid Learning Experience Designer based in Bacolod, Philippines. You will help the team deliver reliable, user-focused work while collaborating with stakeholders across the organization.

## What you will do

This role is ideal for someone who is organized, proactive, and comfortable learning quickly in a practical work environment.","[""Design or deliver learning experiences that support student outcomes."", ""Assess learner progress and provide actionable feedback."", ""Improve learning materials based on learner needs."", ""Collaborate with cross-functional teams to deliver high-quality work."", ""Document progress, decisions, and important updates clearly.""]","[""Experience teaching, training, tutoring, or building learning materials."", ""Ability to simplify complex topics for learners."", ""Strong communication, ownership, and problem-solving skills."", ""Ability to work independently and collaborate with a team.""]","[""Flexible PTO"", ""Transportation allowance"", ""Remote work allowance"", ""Paid training"", ""Performance bonuses"", ""Retirement plan""]","[""HYBRID"", ""MID"", ""EDUCATION"", ""TEACHING"", ""TRAINING"", ""LMS""]",https://dummyimage.com/256x256/dc2626/ffffff.png&text=L,#dc2626,https://jobs.example.com/apply/learning-experience-designer-lumenstack-111,False,Mid,2026-07-31T10:00:00Z,10.715467,122.92928,2026-05-25T02:00:00Z,seed-admin@example.com
medical-technologist-eduspark-learning-112,Medical Technologist,EduSpark Learning,Quezon City,Metro Manila,Philippines,False,Internship,₱187 - ₱243 / hr,187,243,PHP,/ hr,EduSpark Learning is hiring a Medical Technologist to support its growing healthcare team.,"## About the role

EduSpark Learning is looking for a junior Medical Technologist based in Quezon City, Philippines. You will help the team deliver reliable, user-focused work while collaborating with stakeholders across the organization.

## What you will do

This role is ideal for someone who is organized, proactive, and comfortable learning quickly in a practical work environment.","[""Provide safe, organized, and patient-centered support."", ""Maintain accurate records and follow clinical documentation standards."", ""Coordinate with medical staff to ensure smooth daily operations."", ""Identify process improvements and help implement practical solutions."", ""Document progress, decisions, and important updates clearly.""]","[""Relevant healthcare training, certification, or clinical experience."", ""Knowledge of patient safety, confidentiality, and documentation standards."", ""Ability to work independently and collaborate with a team."", ""Strong communication, ownership, and problem-solving skills.""]","[""Health insurance"", ""Flexible PTO"", ""Equipment provided"", ""Flexible schedule"", ""Paid training"", ""Retirement plan"", ""Wellness stipend""]","[""INTERNSHIP"", ""JUNIOR"", ""HEALTHCARE"", ""CLINICAL"", ""DOCUMENTATION""]",https://dummyimage.com/256x256/059669/ffffff.png&text=EL,#059669,https://jobs.example.com/apply/medical-technologist-eduspark-learning-112,True,Junior,2026-07-29T10:00:00Z,14.682294,121.05005,2026-05-10T09:00:00Z,seed-admin@example.com
machine-learning-engineer-northstar-labs-113,Machine Learning Engineer,Northstar Labs,London,England,United Kingdom,False,Internship,$32 - $43 / hr,32,43,USD,/ hr,Northstar Labs is hiring a Machine Learning Engineer to support its growing engineering team.,"## About the role

Northstar Labs is looking for a junior Machine Learning Engineer based in London, United Kingdom. You will help the team deliver reliable, user-focused work while collaborating with stakeholders across the organization.

## What you will do

This role is ideal for someone who is organized, proactive, and comfortable learning quickly in a practical work environment.","[""Build, test, and maintain scalable application features."", ""Review code and contribute to technical planning."", ""Troubleshoot bugs and improve application performance."", ""Identify process improvements and help implement practical solutions."", ""Document progress, decisions, and important updates clearly.""]","[""Experience with modern development workflows, Git, and debugging."", ""Understanding of APIs, databases, and application architecture."", ""1+ years of relevant experience or equivalent project background."", ""Ability to work independently and collaborate with a team.""]","[""Wellness stipend"", ""HMO coverage"", ""Paid training"", ""13th month pay"", ""Retirement plan"", ""Health insurance"", ""Performance bonuses""]","[""INTERNSHIP"", ""JUNIOR"", ""ENGINEERING"", ""AWS"", ""MOBILE"", ""TESTING""]",https://dummyimage.com/256x256/be123c/ffffff.png&text=NL,#be123c,https://jobs.example.com/apply/machine-learning-engineer-northstar-labs-113,False,Junior,2026-06-19T10:00:00Z,51.545113,-0.107748,2026-05-02T20:00:00Z,seed-admin@example.com
visual-designer-blueorbit-systems-114,Visual Designer,BlueOrbit Systems,Singapore,Central Region,Singapore,False,Part-time,S$12 - S$17 / hr,12,17,SGD,/ hr,BlueOrbit Systems is hiring a Visual Designer to support its growing design team.,"## About the role

BlueOrbit Systems is looking for a junior Visual Designer based in Singapore, Singapore. You will help the team deliver reliable, user-focused work while collaborating with stakeholders across the organization.

## What you will do

This role is ideal for someone who is organized, proactive, and comfortable learning quickly in a practical work environment.","[""Create user flows, wireframes, prototypes, and polished interface designs."", ""Conduct usability reviews and turn feedback into design improvements."", ""Maintain consistent design patterns across product experiences."", ""Document progress, decisions, and important updates clearly."", ""Collaborate with cross-functional teams to deliver high-quality work.""]","[""Strong portfolio showing product thinking and visual design quality."", ""Experience using Figma or similar design tools."", ""Ability to work independently and collaborate with a team."", ""1+ years of relevant experience or equivalent project background.""]","[""Equipment provided"", ""Meal allowance"", ""Career development budget"", ""Stock options"", ""Health insurance"", ""Transportation allowance"", ""13th month pay""]","[""PART-TIME"", ""JUNIOR"", ""DESIGN"", ""DESIGN-SYSTEMS"", ""RESEARCH"", ""FIGMA""]",https://dummyimage.com/256x256/2563eb/ffffff.png&text=BS,#2563eb,https://jobs.example.com/apply/visual-designer-blueorbit-systems-114,False,Junior,2026-07-06T10:00:00Z,1.314258,103.804492,2026-05-23T23:00:00Z,seed-admin@example.com
academic-coordinator-harborpoint-solutions-115,Academic Coordinator,HarborPoint Solutions,Bacolod,Negros Occidental,Philippines,False,Part-time,₱312 - ₱405 / hr,312,405,PHP,/ hr,HarborPoint Solutions is hiring a Academic Coordinator to support its growing education team.,"## About the role

HarborPoint Solutions is looking for a mid Academic Coordinator based in Bacolod, Philippines. You will help the team deliver reliable, user-focused work while collaborating with stakeholders across the organization.

## What you will do

This role is ideal for someone who is organized, proactive, and comfortable learning quickly in a practical work environment.","[""Design or deliver learning experiences that support student outcomes."", ""Assess learner progress and provide actionable feedback."", ""Improve learning materials based on learner needs."", ""Collaborate with cross-functional teams to deliver high-quality work."", ""Identify process improvements and help implement practical solutions.""]","[""Experience teaching, training, tutoring, or building learning materials."", ""Ability to simplify complex topics for learners."", ""Strong communication, ownership, and problem-solving skills."", ""3+ years of relevant experience or equivalent project background.""]","[""Flexible schedule"", ""Career development budget"", ""Flexible PTO"", ""HMO coverage"", ""Paid training"", ""Transportation allowance"", ""Meal allowance""]","[""PART-TIME"", ""MID"", ""EDUCATION"", ""CURRICULUM"", ""TRAINING"", ""TEACHING""]",https://dummyimage.com/256x256/1a365d/ffffff.png&text=HS,#1a365d,https://jobs.example.com/apply/academic-coordinator-harborpoint-solutions-115,False,Mid,2026-08-01T10:00:00Z,10.671547,122.911784,2026-05-16T20:00:00Z,seed-admin@example.com
graphic-designer-riverpeak-software-116,Graphic Designer,RiverPeak Software,Singapore,Central Region,Singapore,True,Remote,"S$4,800 - S$5,760 / month",4800,5760,SGD,/ month,RiverPeak Software is hiring a Graphic Designer to support its growing design team.,"## About the role

RiverPeak Software is looking for a junior Graphic Designer based in Remote. You will help the team deliver reliable, user-focused work while collaborating with stakeholders across the organization.

## What you will do

This role is ideal for someone who is organized, proactive, and comfortable learning quickly in a practical work environment.","[""Create user flows, wireframes, prototypes, and polished interface designs."", ""Conduct usability reviews and turn feedback into design improvements."", ""Maintain consistent design patterns across product experiences."", ""Document progress, decisions, and important updates clearly."", ""Identify process improvements and help implement practical solutions.""]","[""Strong portfolio showing product thinking and visual design quality."", ""Experience using Figma or similar design tools."", ""1+ years of relevant experience or equivalent project background."", ""Strong communication, ownership, and problem-solving skills.""]","[""Health insurance"", ""Flexible PTO"", ""Performance bonuses"", ""Flexible schedule"", ""Meal allowance"", ""13th month pay"", ""Paid training""]","[""REMOTE"", ""JUNIOR"", ""DESIGN"", ""RESEARCH"", ""UI"", ""PROTOTYPING""]",https://dummyimage.com/256x256/1a365d/ffffff.png&text=RS,#1a365d,https://jobs.example.com/apply/graphic-designer-riverpeak-software-116,False,Junior,2026-06-29T10:00:00Z,1.3521,103.8198,2026-04-23T13:00:00Z,seed-admin@example.com
software-engineer-quantum-street-117,Software Engineer,Quantum Street,Iloilo City,Iloilo,Philippines,False,Contract,₱312 - ₱405 / hr,312,405,PHP,/ hr,Quantum Street is hiring a Software Engineer to support its growing engineering team.,"## About the role

Quantum Street is looking for a mid Software Engineer based in Iloilo City, Philippines. You will help the team deliver reliable, user-focused work while collaborating with stakeholders across the organization.

## What you will do

This role is ideal for someone who is organized, proactive, and comfortable learning quickly in a practical work environment.","[""Build, test, and maintain scalable application features."", ""Review code and contribute to technical planning."", ""Troubleshoot bugs and improve application performance."", ""Collaborate with cross-functional teams to deliver high-quality work."", ""Document progress, decisions, and important updates clearly.""]","[""Experience with modern development workflows, Git, and debugging."", ""Understanding of APIs, databases, and application architecture."", ""Strong communication, ownership, and problem-solving skills."", ""3+ years of relevant experience or equivalent project background.""]","[""Health insurance"", ""Career development budget"", ""Paid training"", ""Stock options"", ""Flexible PTO"", ""Retirement plan"", ""Transportation allowance""]","[""CONTRACT"", ""MID"", ""ENGINEERING"", ""NODEJS"", ""PYTHON"", ""TESTING""]",https://dummyimage.com/256x256/4f46e5/ffffff.png&text=QS,#4f46e5,https://jobs.example.com/apply/software-engineer-quantum-street-117,False,Mid,2026-07-19T10:00:00Z,10.753938,122.579316,2026-04-22T00:00:00Z,seed-admin@example.com
ux-researcher-visionary-design-co-118,UX Researcher,Visionary Design Co.,Remote,ON,Canada,True,Remote,"$95,000 - $112,100 / year",95000,112100,USD,/ year,Visionary Design Co. is hiring a UX Researcher to support its growing design team.,"## About the role

Visionary Design Co. is looking for a mid UX Researcher based in Remote. You will help the team deliver reliable, user-focused work while collaborating with stakeholders across the organization.

## What you will do

This role is ideal for someone who is organized, proactive, and comfortable learning quickly in a practical work environment.","[""Create user flows, wireframes, prototypes, and polished interface designs."", ""Conduct usability reviews and turn feedback into design improvements."", ""Maintain consistent design patterns across product experiences."", ""Document progress, decisions, and important updates clearly."", ""Identify process improvements and help implement practical solutions.""]","[""Strong portfolio showing product thinking and visual design quality."", ""Experience using Figma or similar design tools."", ""Strong communication, ownership, and problem-solving skills."", ""3+ years of relevant experience or equivalent project background.""]","[""Flexible schedule"", ""Health insurance"", ""Remote work allowance"", ""Paid training"", ""Equipment provided"", ""Retirement plan"", ""Meal allowance""]","[""REMOTE"", ""MID"", ""DESIGN"", ""FIGMA"", ""PROTOTYPING"", ""RESEARCH""]",https://dummyimage.com/256x256/be123c/ffffff.png&text=VD,#be123c,https://jobs.example.com/apply/ux-researcher-visionary-design-co-118,False,Mid,2026-06-27T10:00:00Z,43.6532,-79.3832,2026-05-14T08:00:00Z,seed-admin@example.com
radiologic-technologist-carepoint-medical-119,Radiologic Technologist,CarePoint Medical,Manila,Metro Manila,Philippines,False,Hybrid,"₱120,000 - ₱150,000 / month",120000,150000,PHP,/ month,CarePoint Medical is hiring a Radiologic Technologist to support its growing healthcare team.,"## About the role

CarePoint Medical is looking for a lead Radiologic Technologist based in Manila, Philippines. You will help the team deliver reliable, user-focused work while collaborating with stakeholders across the organization.

## What you will do

This role is ideal for someone who is organized, proactive, and comfortable learning quickly in a practical work environment.","[""Provide safe, organized, and patient-centered support."", ""Maintain accurate records and follow clinical documentation standards."", ""Coordinate with medical staff to ensure smooth daily operations."", ""Document progress, decisions, and important updates clearly."", ""Collaborate with cross-functional teams to deliver high-quality work.""]","[""Relevant healthcare training, certification, or clinical experience."", ""Knowledge of patient safety, confidentiality, and documentation standards."", ""Strong communication, ownership, and problem-solving skills."", ""7+ years of relevant experience or equivalent project background.""]","[""Performance bonuses"", ""Flexible PTO"", ""Career development budget"", ""13th month pay"", ""Equipment provided"", ""Flexible schedule"", ""Meal allowance""]","[""HYBRID"", ""LEAD"", ""HEALTHCARE"", ""CLINICAL"", ""DOCUMENTATION""]",https://dummyimage.com/256x256/7c3aed/ffffff.png&text=CM,#7c3aed,https://jobs.example.com/apply/radiologic-technologist-carepoint-medical-119,False,Lead,2026-06-14T10:00:00Z,14.631139,120.9903,2026-04-18T04:00:00Z,seed-admin@example.com
customer-support-representative-atlas-digital-120,Customer Support Representative,Atlas Digital,Toronto,ON,Canada,False,Contract,$67 - $90 / hr,67,90,USD,/ hr,Atlas Digital is hiring a Customer Support Representative to support its growing support team.,"## About the role

Atlas Digital is looking for a senior Customer Support Representative based in Toronto, Canada. You will help the team deliver reliable, user-focused work while collaborating with stakeholders across the organization.

## What you will do

This role is ideal for someone who is organized, proactive, and comfortable learning quickly in a practical work environment.","[""Respond to customer or internal requests through approved channels."", ""Resolve issues accurately while maintaining a helpful tone."", ""Escalate complex concerns with clear context and documentation."", ""Document progress, decisions, and important updates clearly."", ""Identify process improvements and help implement practical solutions.""]","[""Experience with customer service, ticketing tools, or administrative support."", ""Patient, organized, and able to handle repetitive tasks accurately."", ""Ability to work independently and collaborate with a team."", ""Strong communication, ownership, and problem-solving skills.""]","[""Paid training"", ""13th month pay"", ""Transportation allowance"", ""Equipment provided"", ""Remote work allowance""]","[""CONTRACT"", ""SENIOR"", ""SUPPORT"", ""CUSTOMER-SUPPORT"", ""DATA-ENTRY"", ""TICKETING""]",https://dummyimage.com/256x256/2563eb/ffffff.png&text=AD,#2563eb,https://jobs.example.com/apply/customer-support-representative-atlas-digital-120,False,Senior,2026-08-19T10:00:00Z,43.67549,-79.421739,2026-05-04T07:00:00Z,seed-admin@example.com
backend-developer-harborpoint-solutions-121,Backend Developer,HarborPoint Solutions,Singapore,Central Region,Singapore,False,Contract,S$12 - S$17 / hr,12,17,SGD,/ hr,HarborPoint Solutions is hiring a Backend Developer to support its growing engineering team.,"## About the role

HarborPoint Solutions is looking for a mid Backend Developer based in Singapore, Singapore. You will help the team deliver reliable, user-focused work while collaborating with stakeholders across the organization.

## What you will do

This role is ideal for someone who is organized, proactive, and comfortable learning quickly in a practical work environment.","[""Build, test, and maintain scalable application features."", ""Review code and contribute to technical planning."", ""Troubleshoot bugs and improve application performance."", ""Document progress, decisions, and important updates clearly."", ""Identify process improvements and help implement practical solutions.""]","[""Experience with modern development workflows, Git, and debugging."", ""Understanding of APIs, databases, and application architecture."", ""Strong communication, ownership, and problem-solving skills."", ""3+ years of relevant experience or equivalent project background.""]","[""Paid training"", ""HMO coverage"", ""Meal allowance"", ""Retirement plan"", ""Flexible PTO""]","[""CONTRACT"", ""MID"", ""ENGINEERING"", ""API"", ""REACT"", ""MOBILE""]",https://dummyimage.com/256x256/059669/ffffff.png&text=HS,#059669,https://jobs.example.com/apply/backend-developer-harborpoint-solutions-121,False,Mid,2026-08-06T10:00:00Z,1.34825,103.857257,2026-04-20T01:00:00Z,seed-admin@example.com
payroll-specialist-eduspark-learning-122,Payroll Specialist,EduSpark Learning,Bacolod,Negros Occidental,Philippines,False,Internship,₱137 - ₱178 / hr,137,178,PHP,/ hr,EduSpark Learning is hiring a Payroll Specialist to support its growing finance team.,"## About the role

EduSpark Learning is looking for a entry Payroll Specialist based in Bacolod, Philippines. You will help the team deliver reliable, user-focused work while collaborating with stakeholders across the organization.

## What you will do

This role is ideal for someone who is organized, proactive, and comfortable learning quickly in a practical work environment.","[""Prepare financial reports, reconciliations, and supporting schedules."", ""Monitor expenses and ensure records are accurate and complete."", ""Support compliance with internal financial policies."", ""Document progress, decisions, and important updates clearly."", ""Identify process improvements and help implement practical solutions.""]","[""Knowledge of accounting principles, spreadsheets, and financial reporting."", ""High attention to detail and comfort with numerical data."", ""Ability to work independently and collaborate with a team."", ""Strong communication, ownership, and problem-solving skills.""]","[""Equipment provided"", ""Transportation allowance"", ""Health insurance"", ""Stock options"", ""Performance bonuses"", ""13th month pay"", ""Paid training""]","[""INTERNSHIP"", ""ENTRY"", ""FINANCE"", ""PAYROLL"", ""AUDIT""]",https://dummyimage.com/256x256/dc2626/ffffff.png&text=EL,#dc2626,https://jobs.example.com/apply/payroll-specialist-eduspark-learning-122,False,Entry,2026-06-27T10:00:00Z,10.667523,122.987955,2026-04-22T16:00:00Z,seed-admin@example.com
medical-technologist-novahire-group-123,Medical Technologist,NovaHire Group,Tokyo,Tokyo,Japan,False,Part-time,$22 - $29 / hr,22,29,USD,/ hr,NovaHire Group is hiring a Medical Technologist to support its growing healthcare team.,"## About the role

NovaHire Group is looking for a entry Medical Technologist based in Tokyo, Japan. You will help the team deliver reliable, user-focused work while collaborating with stakeholders across the organization.

## What you will do

This role is ideal for someone who is organized, proactive, and comfortable learning quickly in a practical work environment.","[""Provide safe, organized, and patient-centered support."", ""Maintain accurate records and follow clinical documentation standards."", ""Coordinate with medical staff to ensure smooth daily operations."", ""Collaborate with cross-functional teams to deliver high-quality work."", ""Identify process improvements and help implement practical solutions.""]","[""Relevant healthcare training, certification, or clinical experience."", ""Knowledge of patient safety, confidentiality, and documentation standards."", ""0-1 years of relevant experience or equivalent project background."", ""Strong communication, ownership, and problem-solving skills.""]","[""Paid training"", ""Performance bonuses"", ""Transportation allowance"", ""HMO coverage"", ""Equipment provided"", ""13th month pay"", ""Meal allowance""]","[""PART-TIME"", ""ENTRY"", ""HEALTHCARE"", ""PATIENT-CARE"", ""CLINICAL"", ""DOCUMENTATION""]",https://dummyimage.com/256x256/dc2626/ffffff.png&text=NG,#dc2626,https://jobs.example.com/apply/medical-technologist-novahire-group-123,False,Entry,2026-07-06T10:00:00Z,35.663608,139.647221,2026-05-02T08:00:00Z,seed-admin@example.com
customer-success-manager-silverline-bpo-124,Customer Success Manager,Silverline BPO,Sydney,NSW,Australia,True,Hybrid,"$65,000 - $76,700 / year",65000,76700,USD,/ year,Silverline BPO is hiring a Customer Success Manager to support its growing business team.,"## About the role

Silverline BPO is looking for a junior Customer Success Manager based in Remote. You will help the team deliver reliable, user-focused work while collaborating with stakeholders across the organization.

## What you will do

This role is ideal for someone who is organized, proactive, and comfortable learning quickly in a practical work environment.","[""Gather requirements and coordinate timelines with stakeholders."", ""Track operational metrics and prepare reports for leadership."", ""Support planning, execution, and follow-through of business initiatives."", ""Collaborate with cross-functional teams to deliver high-quality work."", ""Identify process improvements and help implement practical solutions.""]","[""Experience coordinating projects, stakeholders, or operational workflows."", ""Comfortable preparing reports and presenting recommendations."", ""Strong communication, ownership, and problem-solving skills."", ""Ability to work independently and collaborate with a team.""]","[""Performance bonuses"", ""Remote work allowance"", ""Flexible PTO"", ""13th month pay""]","[""HYBRID"", ""JUNIOR"", ""BUSINESS"", ""PROJECT-MANAGEMENT"", ""COMMUNICATION"", ""OPERATIONS""]",https://dummyimage.com/256x256/be123c/ffffff.png&text=SB,#be123c,https://jobs.example.com/apply/customer-success-manager-silverline-bpo-124,True,Junior,2026-06-17T10:00:00Z,-33.8688,151.2093,2026-05-20T15:00:00Z,seed-admin@example.com
data-engineer-skillbridge-academy-125,Data Engineer,SkillBridge Academy,New York,NY,USA,False,Full-time,"$135,000 - $159,300 / year",135000,159300,USD,/ year,SkillBridge Academy is hiring a Data Engineer to support its growing engineering team.,"## About the role

SkillBridge Academy is looking for a senior Data Engineer based in New York, USA. You will help the team deliver reliable, user-focused work while collaborating with stakeholders across the organization.

## What you will do

This role is ideal for someone who is organized, proactive, and comfortable learning quickly in a practical work environment.","[""Build, test, and maintain scalable application features."", ""Review code and contribute to technical planning."", ""Troubleshoot bugs and improve application performance."", ""Identify process improvements and help implement practical solutions."", ""Collaborate with cross-functional teams to deliver high-quality work.""]","[""Experience with modern development workflows, Git, and debugging."", ""Understanding of APIs, databases, and application architecture."", ""Strong communication, ownership, and problem-solving skills."", ""Ability to work independently and collaborate with a team.""]","[""Health insurance"", ""Transportation allowance"", ""Career development budget"", ""Performance bonuses"", ""Paid training"", ""13th month pay""]","[""FULL-TIME"", ""SENIOR"", ""ENGINEERING"", ""AWS"", ""REACT"", ""TESTING""]",https://dummyimage.com/256x256/0f766e/ffffff.png&text=SA,#0f766e,https://jobs.example.com/apply/data-engineer-skillbridge-academy-125,False,Senior,2026-08-20T10:00:00Z,40.681956,-74.030185,2026-05-15T05:00:00Z,seed-admin@example.com
technical-support-specialist-lumenstack-126,Technical Support Specialist,LumenStack,New York,NY,USA,False,Part-time,$47 - $63 / hr,47,63,USD,/ hr,LumenStack is hiring a Technical Support Specialist to support its growing support team.,"## About the role

LumenStack is looking for a mid Technical Support Specialist based in New York, USA. You will help the team deliver reliable, user-focused work while collaborating with stakeholders across the organization.

## What you will do

This role is ideal for someone who is organized, proactive, and comfortable learning quickly in a practical work environment.","[""Respond to customer or internal requests through approved channels."", ""Resolve issues accurately while maintaining a helpful tone."", ""Escalate complex concerns with clear context and documentation."", ""Identify process improvements and help implement practical solutions."", ""Collaborate with cross-functional teams to deliver high-quality work.""]","[""Experience with customer service, ticketing tools, or administrative support."", ""Patient, organized, and able to handle repetitive tasks accurately."", ""Ability to work independently and collaborate with a team."", ""Strong communication, ownership, and problem-solving skills.""]","[""HMO coverage"", ""Stock options"", ""Meal allowance"", ""Wellness stipend""]","[""PART-TIME"", ""MID"", ""SUPPORT"", ""HELPDESK"", ""CUSTOMER-SUPPORT"", ""DATA-ENTRY""]",https://dummyimage.com/256x256/be123c/ffffff.png&text=L,#be123c,https://jobs.example.com/apply/technical-support-specialist-lumenstack-126,False,Mid,2026-08-04T10:00:00Z,40.731399,-74.006827,2026-05-13T12:00:00Z,seed-admin@example.com
registered-nurse-heliosoft-127,Registered Nurse,HelioSoft,Quezon City,Metro Manila,Philippines,True,Remote,"₱50,000 - ₱62,500 / month",50000,62500,PHP,/ month,HelioSoft is hiring a Registered Nurse to support its growing healthcare team.,"## About the role

HelioSoft is looking for a mid Registered Nurse based in Remote. You will help the team deliver reliable, user-focused work while collaborating with stakeholders across the organization.

## What you will do

This role is ideal for someone who is organized, proactive, and comfortable learning quickly in a practical work environment.","[""Provide safe, organized, and patient-centered support."", ""Maintain accurate records and follow clinical documentation standards."", ""Coordinate with medical staff to ensure smooth daily operations."", ""Collaborate with cross-functional teams to deliver high-quality work."", ""Document progress, decisions, and important updates clearly.""]","[""Relevant healthcare training, certification, or clinical experience."", ""Knowledge of patient safety, confidentiality, and documentation standards."", ""Strong communication, ownership, and problem-solving skills."", ""3+ years of relevant experience or equivalent project background.""]","[""Equipment provided"", ""Career development budget"", ""Paid training"", ""Wellness stipend""]","[""REMOTE"", ""MID"", ""HEALTHCARE"", ""CLINICAL"", ""HOSPITAL""]",https://dummyimage.com/256x256/2563eb/ffffff.png&text=H,#2563eb,https://jobs.example.com/apply/registered-nurse-heliosoft-127,True,Mid,2026-06-24T10:00:00Z,14.676,121.0437,2026-04-17T16:00:00Z,seed-admin@example.com
virtual-assistant-novahire-group-128,Virtual Assistant,NovaHire Group,Bacolod,Negros Occidental,Philippines,False,Full-time,"₱85,000 - ₱106,250 / month",85000,106250,PHP,/ month,NovaHire Group is hiring a Virtual Assistant to support its growing support team.,"## About the role

NovaHire Group is looking for a senior Virtual Assistant based in Bacolod, Philippines. You will help the team deliver reliable, user-focused work while collaborating with stakeholders across the organization.

## What you will do

This role is ideal for someone who is organized, proactive, and comfortable learning quickly in a practical work environment.","[""Respond to customer or internal requests through approved channels."", ""Resolve issues accurately while maintaining a helpful tone."", ""Escalate complex concerns with clear context and documentation."", ""Document progress, decisions, and important updates clearly."", ""Collaborate with cross-functional teams to deliver high-quality work.""]","[""Experience with customer service, ticketing tools, or administrative support."", ""Patient, organized, and able to handle repetitive tasks accurately."", ""5+ years of relevant experience or equivalent project background."", ""Ability to work independently and collaborate with a team.""]","[""Remote work allowance"", ""Retirement plan"", ""Meal allowance"", ""Transportation allowance"", ""HMO coverage"", ""Wellness stipend"", ""Stock options""]","[""FULL-TIME"", ""SENIOR"", ""SUPPORT"", ""DATA-ENTRY"", ""HELPDESK"", ""TICKETING""]",https://dummyimage.com/256x256/0f766e/ffffff.png&text=NG,#0f766e,https://jobs.example.com/apply/virtual-assistant-novahire-group-128,False,Senior,2026-08-11T10:00:00Z,10.698304,122.954618,2026-05-12T06:00:00Z,seed-admin@example.com
growth-marketing-manager-codeharbor-129,Growth Marketing Manager,CodeHarbor,Manila,Metro Manila,Philippines,False,Internship,₱187 - ₱243 / hr,187,243,PHP,/ hr,CodeHarbor is hiring a Growth Marketing Manager to support its growing marketing team.,"## About the role

CodeHarbor is looking for a junior Growth Marketing Manager based in Manila, Philippines. You will help the team deliver reliable, user-focused work while collaborating with stakeholders across the organization.

## What you will do

This role is ideal for someone who is organized, proactive, and comfortable learning quickly in a practical work environment.","[""Plan and execute campaigns across relevant digital channels."", ""Analyze campaign performance and recommend improvements."", ""Create content that supports brand awareness and conversion goals."", ""Identify process improvements and help implement practical solutions."", ""Document progress, decisions, and important updates clearly.""]","[""Experience with campaign planning, analytics, and content execution."", ""Comfortable interpreting performance metrics and testing improvements."", ""1+ years of relevant experience or equivalent project background."", ""Ability to work independently and collaborate with a team.""]","[""Stock options"", ""Career development budget"", ""Retirement plan"", ""Performance bonuses"", ""Wellness stipend"", ""Equipment provided""]","[""INTERNSHIP"", ""JUNIOR"", ""MARKETING"", ""GROWTH"", ""SOCIAL-MEDIA"", ""ADS""]",https://dummyimage.com/256x256/059669/ffffff.png&text=C,#059669,https://jobs.example.com/apply/growth-marketing-manager-codeharbor-129,False,Junior,2026-07-21T10:00:00Z,14.62726,120.989215,2026-05-03T21:00:00Z,seed-admin@example.com
ui-ux-designer-lumenstack-130,UI/UX Designer,LumenStack,Taguig,Metro Manila,Philippines,False,Internship,₱187 - ₱243 / hr,187,243,PHP,/ hr,LumenStack is hiring a UI/UX Designer to support its growing design team.,"## About the role

LumenStack is looking for a junior UI/UX Designer based in Taguig, Philippines. You will help the team deliver reliable, user-focused work while collaborating with stakeholders across the organization.

## What you will do

This role is ideal for someone who is organized, proactive, and comfortable learning quickly in a practical work environment.","[""Create user flows, wireframes, prototypes, and polished interface designs."", ""Conduct usability reviews and turn feedback into design improvements."", ""Maintain consistent design patterns across product experiences."", ""Collaborate with cross-functional teams to deliver high-quality work."", ""Document progress, decisions, and important updates clearly.""]","[""Strong portfolio showing product thinking and visual design quality."", ""Experience using Figma or similar design tools."", ""1+ years of relevant experience or equivalent project background."", ""Ability to work independently and collaborate with a team.""]","[""Equipment provided"", ""13th month pay"", ""Remote work allowance"", ""Career development budget"", ""Retirement plan"", ""Paid training""]","[""INTERNSHIP"", ""JUNIOR"", ""DESIGN"", ""FIGMA"", ""PROTOTYPING"", ""RESEARCH""]",https://dummyimage.com/256x256/7c3aed/ffffff.png&text=L,#7c3aed,https://jobs.example.com/apply/ui-ux-designer-lumenstack-130,False,Junior,2026-07-15T10:00:00Z,14.550971,121.071477,2026-05-13T13:00:00Z,seed-admin@example.com
design-systems-specialist-greenline-health-131,Design Systems Specialist,Greenline Health,Sydney,NSW,Australia,False,Internship,$22 - $29 / hr,22,29,USD,/ hr,Greenline Health is hiring a Design Systems Specialist to support its growing design team.,"## About the role

Greenline Health is looking for a entry Design Systems Specialist based in Sydney, Australia. You will help the team deliver reliable, user-focused work while collaborating with stakeholders across the organization.

## What you will do

This role is ideal for someone who is organized, proactive, and comfortable learning quickly in a practical work environment.","[""Create user flows, wireframes, prototypes, and polished interface designs."", ""Conduct usability reviews and turn feedback into design improvements."", ""Maintain consistent design patterns across product experiences."", ""Identify process improvements and help implement practical solutions."", ""Collaborate with cross-functional teams to deliver high-quality work.""]","[""Strong portfolio showing product thinking and visual design quality."", ""Experience using Figma or similar design tools."", ""Strong communication, ownership, and problem-solving skills."", ""0-1 years of relevant experience or equivalent project background.""]","[""Performance bonuses"", ""Flexible schedule"", ""Meal allowance"", ""Transportation allowance"", ""Flexible PTO"", ""Stock options"", ""13th month pay""]","[""INTERNSHIP"", ""ENTRY"", ""DESIGN"", ""UX"", ""FIGMA"", ""RESEARCH""]",https://dummyimage.com/256x256/0f766e/ffffff.png&text=GH,#0f766e,https://jobs.example.com/apply/design-systems-specialist-greenline-health-131,False,Entry,2026-07-30T10:00:00Z,-33.886219,151.170893,2026-04-15T09:00:00Z,seed-admin@example.com
payroll-specialist-heliosoft-132,Payroll Specialist,HelioSoft,Toronto,ON,Canada,False,Part-time,$67 - $90 / hr,67,90,USD,/ hr,HelioSoft is hiring a Payroll Specialist to support its growing finance team.,"## About the role

HelioSoft is looking for a senior Payroll Specialist based in Toronto, Canada. You will help the team deliver reliable, user-focused work while collaborating with stakeholders across the organization.

## What you will do

This role is ideal for someone who is organized, proactive, and comfortable learning quickly in a practical work environment.","[""Prepare financial reports, reconciliations, and supporting schedules."", ""Monitor expenses and ensure records are accurate and complete."", ""Support compliance with internal financial policies."", ""Document progress, decisions, and important updates clearly."", ""Identify process improvements and help implement practical solutions.""]","[""Knowledge of accounting principles, spreadsheets, and financial reporting."", ""High attention to detail and comfort with numerical data."", ""5+ years of relevant experience or equivalent project background."", ""Strong communication, ownership, and problem-solving skills.""]","[""Flexible schedule"", ""Retirement plan"", ""Wellness stipend"", ""Flexible PTO"", ""Paid training""]","[""PART-TIME"", ""SENIOR"", ""FINANCE"", ""ACCOUNTING"", ""EXCEL""]",https://dummyimage.com/256x256/7c3aed/ffffff.png&text=H,#7c3aed,https://jobs.example.com/apply/payroll-specialist-heliosoft-132,True,Senior,2026-07-15T10:00:00Z,43.670341,-79.388544,2026-05-16T08:00:00Z,seed-admin@example.com
social-media-manager-primeledger-133,Social Media Manager,PrimeLedger,San Francisco,CA,USA,True,Hybrid,"$95,000 - $112,100 / year",95000,112100,USD,/ year,PrimeLedger is hiring a Social Media Manager to support its growing marketing team.,"## About the role

PrimeLedger is looking for a mid Social Media Manager based in Remote. You will help the team deliver reliable, user-focused work while collaborating with stakeholders across the organization.

## What you will do

This role is ideal for someone who is organized, proactive, and comfortable learning quickly in a practical work environment.","[""Plan and execute campaigns across relevant digital channels."", ""Analyze campaign performance and recommend improvements."", ""Create content that supports brand awareness and conversion goals."", ""Collaborate with cross-functional teams to deliver high-quality work."", ""Document progress, decisions, and important updates clearly.""]","[""Experience with campaign planning, analytics, and content execution."", ""Comfortable interpreting performance metrics and testing improvements."", ""Ability to work independently and collaborate with a team."", ""3+ years of relevant experience or equivalent project background.""]","[""Performance bonuses"", ""Transportation allowance"", ""Equipment provided"", ""Flexible PTO"", ""Health insurance""]","[""HYBRID"", ""MID"", ""MARKETING"", ""ANALYTICS"", ""ADS"", ""COPYWRITING""]",https://dummyimage.com/256x256/7c3aed/ffffff.png&text=P,#7c3aed,https://jobs.example.com/apply/social-media-manager-primeledger-133,False,Mid,2026-06-27T10:00:00Z,37.7749,-122.4194,2026-04-23T08:00:00Z,seed-admin@example.com
computer-science-instructor-primeledger-134,Computer Science Instructor,PrimeLedger,New York,NY,USA,False,Contract,$22 - $29 / hr,22,29,USD,/ hr,PrimeLedger is hiring a Computer Science Instructor to support its growing education team.,"## About the role

PrimeLedger is looking for a entry Computer Science Instructor based in New York, USA. You will help the team deliver reliable, user-focused work while collaborating with stakeholders across the organization.

## What you will do

This role is ideal for someone who is organized, proactive, and comfortable learning quickly in a practical work environment.","[""Design or deliver learning experiences that support student outcomes."", ""Assess learner progress and provide actionable feedback."", ""Improve learning materials based on learner needs."", ""Document progress, decisions, and important updates clearly."", ""Collaborate with cross-functional teams to deliver high-quality work.""]","[""Experience teaching, training, tutoring, or building learning materials."", ""Ability to simplify complex topics for learners."", ""0-1 years of relevant experience or equivalent project background."", ""Strong communication, ownership, and problem-solving skills.""]","[""Retirement plan"", ""Career development budget"", ""Stock options"", ""Meal allowance""]","[""CONTRACT"", ""ENTRY"", ""EDUCATION"", ""LMS"", ""TEACHING"", ""CURRICULUM""]",https://dummyimage.com/256x256/ea580c/ffffff.png&text=P,#ea580c,https://jobs.example.com/apply/computer-science-instructor-primeledger-134,True,Entry,2026-07-04T10:00:00Z,40.745006,-73.988188,2026-05-07T05:00:00Z,seed-admin@example.com
product-designer-pixelforge-studio-135,Product Designer,PixelForge Studio,Iloilo City,Iloilo,Philippines,False,Part-time,₱750 - ₱975 / hr,750,975,PHP,/ hr,PixelForge Studio is hiring a Product Designer to support its growing design team.,"## About the role

PixelForge Studio is looking for a lead Product Designer based in Iloilo City, Philippines. You will help the team deliver reliable, user-focused work while collaborating with stakeholders across the organization.

## What you will do

This role is ideal for someone who is organized, proactive, and comfortable learning quickly in a practical work environment.","[""Create user flows, wireframes, prototypes, and polished interface designs."", ""Conduct usability reviews and turn feedback into design improvements."", ""Maintain consistent design patterns across product experiences."", ""Collaborate with cross-functional teams to deliver high-quality work."", ""Document progress, decisions, and important updates clearly.""]","[""Strong portfolio showing product thinking and visual design quality."", ""Experience using Figma or similar design tools."", ""Strong communication, ownership, and problem-solving skills."", ""7+ years of relevant experience or equivalent project background.""]","[""Health insurance"", ""Meal allowance"", ""Retirement plan"", ""Career development budget"", ""Performance bonuses"", ""13th month pay"", ""Flexible PTO""]","[""PART-TIME"", ""LEAD"", ""DESIGN"", ""FIGMA"", ""PROTOTYPING"", ""UX""]",https://dummyimage.com/256x256/ea580c/ffffff.png&text=PS,#ea580c,https://jobs.example.com/apply/product-designer-pixelforge-studio-135,False,Lead,2026-06-25T10:00:00Z,10.751751,122.535446,2026-05-16T09:00:00Z,seed-admin@example.com
operations-manager-silverline-bpo-136,Operations Manager,Silverline BPO,Bacolod,Negros Occidental,Philippines,False,Hybrid,"₱30,000 - ₱37,500 / month",30000,37500,PHP,/ month,Silverline BPO is hiring a Operations Manager to support its growing business team.,"## About the role

Silverline BPO is looking for a junior Operations Manager based in Bacolod, Philippines. You will help the team deliver reliable, user-focused work while collaborating with stakeholders across the organization.

## What you will do

This role is ideal for someone who is organized, proactive, and comfortable learning quickly in a practical work environment.","[""Gather requirements and coordinate timelines with stakeholders."", ""Track operational metrics and prepare reports for leadership."", ""Support planning, execution, and follow-through of business initiatives."", ""Document progress, decisions, and important updates clearly."", ""Identify process improvements and help implement practical solutions.""]","[""Experience coordinating projects, stakeholders, or operational workflows."", ""Comfortable preparing reports and presenting recommendations."", ""1+ years of relevant experience or equivalent project background."", ""Strong communication, ownership, and problem-solving skills.""]","[""Paid training"", ""Career development budget"", ""Health insurance"", ""Equipment provided"", ""Transportation allowance"", ""Wellness stipend""]","[""HYBRID"", ""JUNIOR"", ""BUSINESS"", ""COMMUNICATION"", ""PROJECT-MANAGEMENT"", ""OPERATIONS""]",https://dummyimage.com/256x256/4f46e5/ffffff.png&text=SB,#4f46e5,https://jobs.example.com/apply/operations-manager-silverline-bpo-136,False,Junior,2026-08-18T10:00:00Z,10.689762,122.966034,2026-04-20T20:00:00Z,seed-admin@example.com
audit-associate-eduspark-learning-137,Audit Associate,EduSpark Learning,New York,NY,USA,False,Internship,$47 - $63 / hr,47,63,USD,/ hr,EduSpark Learning is hiring a Audit Associate to support its growing finance team.,"## About the role

EduSpark Learning is looking for a mid Audit Associate based in New York, USA. You will help the team deliver reliable, user-focused work while collaborating with stakeholders across the organization.

## What you will do

This role is ideal for someone who is organized, proactive, and comfortable learning quickly in a practical work environment.","[""Prepare financial reports, reconciliations, and supporting schedules."", ""Monitor expenses and ensure records are accurate and complete."", ""Support compliance with internal financial policies."", ""Collaborate with cross-functional teams to deliver high-quality work."", ""Document progress, decisions, and important updates clearly.""]","[""Knowledge of accounting principles, spreadsheets, and financial reporting."", ""High attention to detail and comfort with numerical data."", ""Strong communication, ownership, and problem-solving skills."", ""3+ years of relevant experience or equivalent project background.""]","[""Stock options"", ""Remote work allowance"", ""HMO coverage"", ""13th month pay""]","[""INTERNSHIP"", ""MID"", ""FINANCE"", ""PAYROLL"", ""EXCEL"", ""REPORTING""]",https://dummyimage.com/256x256/059669/ffffff.png&text=EL,#059669,https://jobs.example.com/apply/audit-associate-eduspark-learning-137,False,Mid,2026-08-08T10:00:00Z,40.730011,-74.030703,2026-04-30T22:00:00Z,seed-admin@example.com
machine-learning-engineer-cloudnest-technologies-138,Machine Learning Engineer,CloudNest Technologies,Cebu City,Cebu,Philippines,False,Hybrid,"₱22,000 - ₱27,500 / month",22000,27500,PHP,/ month,CloudNest Technologies is hiring a Machine Learning Engineer to support its growing engineering team.,"## About the role

CloudNest Technologies is looking for a entry Machine Learning Engineer based in Cebu City, Philippines. You will help the team deliver reliable, user-focused work while collaborating with stakeholders across the organization.

## What you will do

This role is ideal for someone who is organized, proactive, and comfortable learning quickly in a practical work environment.","[""Build, test, and maintain scalable application features."", ""Review code and contribute to technical planning."", ""Troubleshoot bugs and improve application performance."", ""Document progress, decisions, and important updates clearly."", ""Identify process improvements and help implement practical solutions.""]","[""Experience with modern development workflows, Git, and debugging."", ""Understanding of APIs, databases, and application architecture."", ""Ability to work independently and collaborate with a team."", ""Strong communication, ownership, and problem-solving skills.""]","[""Flexible schedule"", ""13th month pay"", ""Flexible PTO"", ""Health insurance"", ""Stock options"", ""Career development budget""]","[""HYBRID"", ""ENTRY"", ""ENGINEERING"", ""REACT"", ""API"", ""PYTHON""]",https://dummyimage.com/256x256/7c3aed/ffffff.png&text=CT,#7c3aed,https://jobs.example.com/apply/machine-learning-engineer-cloudnest-technologies-138,False,Entry,2026-07-19T10:00:00Z,10.277199,123.915385,2026-04-11T11:00:00Z,seed-admin@example.com
hr-generalist-kindredcare-clinics-139,HR Generalist,KindredCare Clinics,Toronto,ON,Canada,False,Contract,$85 - $114 / hr,85,114,USD,/ hr,KindredCare Clinics is hiring a HR Generalist to support its growing business team.,"## About the role

KindredCare Clinics is looking for a lead HR Generalist based in Toronto, Canada. You will help the team deliver reliable, user-focused work while collaborating with stakeholders across the organization.

## What you will do

This role is ideal for someone who is organized, proactive, and comfortable learning quickly in a practical work environment.","[""Gather requirements and coordinate timelines with stakeholders."", ""Track operational metrics and prepare reports for leadership."", ""Support planning, execution, and follow-through of business initiatives."", ""Identify process improvements and help implement practical solutions."", ""Document progress, decisions, and important updates clearly.""]","[""Experience coordinating projects, stakeholders, or operational workflows."", ""Comfortable preparing reports and presenting recommendations."", ""Ability to work independently and collaborate with a team."", ""7+ years of relevant experience or equivalent project background.""]","[""Wellness stipend"", ""Stock options"", ""Flexible schedule"", ""Performance bonuses"", ""HMO coverage"", ""Remote work allowance"", ""Equipment provided""]","[""CONTRACT"", ""LEAD"", ""BUSINESS"", ""COMMUNICATION"", ""PRODUCT"", ""CRM""]",https://dummyimage.com/256x256/be123c/ffffff.png&text=KC,#be123c,https://jobs.example.com/apply/hr-generalist-kindredcare-clinics-139,True,Lead,2026-07-17T10:00:00Z,43.685526,-79.392715,2026-05-01T07:00:00Z,seed-admin@example.com
social-media-manager-primeledger-140,Social Media Manager,PrimeLedger,Remote,Tokyo,Japan,True,Hybrid,"$135,000 - $159,300 / year",135000,159300,USD,/ year,PrimeLedger is hiring a Social Media Manager to support its growing marketing team.,"## About the role

PrimeLedger is looking for a senior Social Media Manager based in Remote. You will help the team deliver reliable, user-focused work while collaborating with stakeholders across the organization.

## What you will do

This role is ideal for someone who is organized, proactive, and comfortable learning quickly in a practical work environment.","[""Plan and execute campaigns across relevant digital channels."", ""Analyze campaign performance and recommend improvements."", ""Create content that supports brand awareness and conversion goals."", ""Identify process improvements and help implement practical solutions."", ""Document progress, decisions, and important updates clearly.""]","[""Experience with campaign planning, analytics, and content execution."", ""Comfortable interpreting performance metrics and testing improvements."", ""Strong communication, ownership, and problem-solving skills."", ""Ability to work independently and collaborate with a team.""]","[""Career development budget"", ""HMO coverage"", ""Remote work allowance"", ""Wellness stipend"", ""Retirement plan"", ""Equipment provided"", ""Paid training""]","[""HYBRID"", ""SENIOR"", ""MARKETING"", ""SEO"", ""ANALYTICS"", ""SOCIAL-MEDIA""]",https://dummyimage.com/256x256/2563eb/ffffff.png&text=P,#2563eb,https://jobs.example.com/apply/social-media-manager-primeledger-140,False,Senior,2026-07-16T10:00:00Z,35.6762,139.6503,2026-04-13T22:00:00Z,seed-admin@example.com
financial-analyst-visionary-design-co-141,Financial Analyst,Visionary Design Co.,London,England,United Kingdom,False,Part-time,$22 - $29 / hr,22,29,USD,/ hr,Visionary Design Co. is hiring a Financial Analyst to support its growing finance team.,"## About the role

Visionary Design Co. is looking for a entry Financial Analyst based in London, United Kingdom. You will help the team deliver reliable, user-focused work while collaborating with stakeholders across the organization.

## What you will do

This role is ideal for someone who is organized, proactive, and comfortable learning quickly in a practical work environment.","[""Prepare financial reports, reconciliations, and supporting schedules."", ""Monitor expenses and ensure records are accurate and complete."", ""Support compliance with internal financial policies."", ""Document progress, decisions, and important updates clearly."", ""Collaborate with cross-functional teams to deliver high-quality work.""]","[""Knowledge of accounting principles, spreadsheets, and financial reporting."", ""High attention to detail and comfort with numerical data."", ""Ability to work independently and collaborate with a team."", ""Strong communication, ownership, and problem-solving skills.""]","[""Career development budget"", ""Flexible schedule"", ""Flexible PTO"", ""13th month pay"", ""Transportation allowance"", ""Performance bonuses""]","[""PART-TIME"", ""ENTRY"", ""FINANCE"", ""ACCOUNTING"", ""REPORTING""]",https://dummyimage.com/256x256/1a365d/ffffff.png&text=VD,#1a365d,https://jobs.example.com/apply/financial-analyst-visionary-design-co-141,False,Entry,2026-07-02T10:00:00Z,51.537908,-0.164044,2026-04-16T11:00:00Z,seed-admin@example.com
online-english-tutor-skillbridge-academy-142,Online English Tutor,SkillBridge Academy,New York,NY,USA,False,Internship,$85 - $114 / hr,85,114,USD,/ hr,SkillBridge Academy is hiring a Online English Tutor to support its growing education team.,"## About the role

SkillBridge Academy is looking for a lead Online English Tutor based in New York, USA. You will help the team deliver reliable, user-focused work while collaborating with stakeholders across the organization.

## What you will do

This role is ideal for someone who is organized, proactive, and comfortable learning quickly in a practical work environment.","[""Design or deliver learning experiences that support student outcomes."", ""Assess learner progress and provide actionable feedback."", ""Improve learning materials based on learner needs."", ""Document progress, decisions, and important updates clearly."", ""Identify process improvements and help implement practical solutions.""]","[""Experience teaching, training, tutoring, or building learning materials."", ""Ability to simplify complex topics for learners."", ""Strong communication, ownership, and problem-solving skills."", ""7+ years of relevant experience or equivalent project background.""]","[""HMO coverage"", ""Stock options"", ""Transportation allowance"", ""Remote work allowance"", ""Wellness stipend""]","[""INTERNSHIP"", ""LEAD"", ""EDUCATION"", ""TRAINING"", ""LMS"", ""E-LEARNING""]",https://dummyimage.com/256x256/dc2626/ffffff.png&text=SA,#dc2626,https://jobs.example.com/apply/online-english-tutor-skillbridge-academy-142,False,Lead,2026-08-24T10:00:00Z,40.707854,-74.013044,2026-04-16T00:00:00Z,seed-admin@example.com
academic-coordinator-finaxis-partners-143,Academic Coordinator,FinAxis Partners,Davao City,Davao del Sur,Philippines,False,Hybrid,"₱120,000 - ₱150,000 / month",120000,150000,PHP,/ month,FinAxis Partners is hiring a Academic Coordinator to support its growing education team.,"## About the role

FinAxis Partners is looking for a lead Academic Coordinator based in Davao City, Philippines. You will help the team deliver reliable, user-focused work while collaborating with stakeholders across the organization.

## What you will do

This role is ideal for someone who is organized, proactive, and comfortable learning quickly in a practical work environment.","[""Design or deliver learning experiences that support student outcomes."", ""Assess learner progress and provide actionable feedback."", ""Improve learning materials based on learner needs."", ""Document progress, decisions, and important updates clearly."", ""Collaborate with cross-functional teams to deliver high-quality work.""]","[""Experience teaching, training, tutoring, or building learning materials."", ""Ability to simplify complex topics for learners."", ""7+ years of relevant experience or equivalent project background."", ""Strong communication, ownership, and problem-solving skills.""]","[""HMO coverage"", ""Meal allowance"", ""Flexible schedule"", ""Remote work allowance"", ""Career development budget"", ""Stock options""]","[""HYBRID"", ""LEAD"", ""EDUCATION"", ""E-LEARNING"", ""TEACHING"", ""CURRICULUM""]",https://dummyimage.com/256x256/be123c/ffffff.png&text=FP,#be123c,https://jobs.example.com/apply/academic-coordinator-finaxis-partners-143,False,Lead,2026-07-24T10:00:00Z,7.189908,125.473184,2026-05-19T21:00:00Z,seed-admin@example.com
payroll-specialist-silverline-bpo-144,Payroll Specialist,Silverline BPO,Toronto,ON,Canada,False,Contract,$32 - $43 / hr,32,43,USD,/ hr,Silverline BPO is hiring a Payroll Specialist to support its growing finance team.,"## About the role

Silverline BPO is looking for a junior Payroll Specialist based in Toronto, Canada. You will help the team deliver reliable, user-focused work while collaborating with stakeholders across the organization.

## What you will do

This role is ideal for someone who is organized, proactive, and comfortable learning quickly in a practical work environment.","[""Prepare financial reports, reconciliations, and supporting schedules."", ""Monitor expenses and ensure records are accurate and complete."", ""Support compliance with internal financial policies."", ""Collaborate with cross-functional teams to deliver high-quality work."", ""Document progress, decisions, and important updates clearly.""]","[""Knowledge of accounting principles, spreadsheets, and financial reporting."", ""High attention to detail and comfort with numerical data."", ""Strong communication, ownership, and problem-solving skills."", ""1+ years of relevant experience or equivalent project background.""]","[""Retirement plan"", ""Remote work allowance"", ""Career development budget"", ""Performance bonuses"", ""Wellness stipend"", ""Transportation allowance"", ""13th month pay""]","[""CONTRACT"", ""JUNIOR"", ""FINANCE"", ""AUDIT"", ""REPORTING""]",https://dummyimage.com/256x256/dc2626/ffffff.png&text=SB,#dc2626,https://jobs.example.com/apply/payroll-specialist-silverline-bpo-144,False,Junior,2026-08-11T10:00:00Z,43.692234,-79.386669,2026-05-07T05:00:00Z,seed-admin@example.com
visual-designer-cloudnest-technologies-145,Visual Designer,CloudNest Technologies,New York,NY,USA,True,Remote,"$65,000 - $76,700 / year",65000,76700,USD,/ year,CloudNest Technologies is hiring a Visual Designer to support its growing design team.,"## About the role

CloudNest Technologies is looking for a junior Visual Designer based in Remote. You will help the team deliver reliable, user-focused work while collaborating with stakeholders across the organization.

## What you will do

This role is ideal for someone who is organized, proactive, and comfortable learning quickly in a practical work environment.","[""Create user flows, wireframes, prototypes, and polished interface designs."", ""Conduct usability reviews and turn feedback into design improvements."", ""Maintain consistent design patterns across product experiences."", ""Identify process improvements and help implement practical solutions."", ""Collaborate with cross-functional teams to deliver high-quality work.""]","[""Strong portfolio showing product thinking and visual design quality."", ""Experience using Figma or similar design tools."", ""1+ years of relevant experience or equivalent project background."", ""Ability to work independently and collaborate with a team.""]","[""Transportation allowance"", ""Wellness stipend"", ""Flexible PTO"", ""Flexible schedule"", ""Retirement plan"", ""Meal allowance""]","[""REMOTE"", ""JUNIOR"", ""DESIGN"", ""UI"", ""RESEARCH"", ""PROTOTYPING""]",https://dummyimage.com/256x256/2563eb/ffffff.png&text=CT,#2563eb,https://jobs.example.com/apply/visual-designer-cloudnest-technologies-145,False,Junior,2026-07-06T10:00:00Z,40.7128,-74.006,2026-04-22T14:00:00Z,seed-admin@example.com
it-helpdesk-associate-cloudnest-technologies-146,IT Helpdesk Associate,CloudNest Technologies,London,England,United Kingdom,False,Part-time,$85 - $114 / hr,85,114,USD,/ hr,CloudNest Technologies is hiring a IT Helpdesk Associate to support its growing support team.,"## About the role

CloudNest Technologies is looking for a lead IT Helpdesk Associate based in London, United Kingdom. You will help the team deliver reliable, user-focused work while collaborating with stakeholders across the organization.

## What you will do

This role is ideal for someone who is organized, proactive, and comfortable learning quickly in a practical work environment.","[""Respond to customer or internal requests through approved channels."", ""Resolve issues accurately while maintaining a helpful tone."", ""Escalate complex concerns with clear context and documentation."", ""Collaborate with cross-functional teams to deliver high-quality work."", ""Identify process improvements and help implement practical solutions.""]","[""Experience with customer service, ticketing tools, or administrative support."", ""Patient, organized, and able to handle repetitive tasks accurately."", ""Ability to work independently and collaborate with a team."", ""7+ years of relevant experience or equivalent project background.""]","[""HMO coverage"", ""Meal allowance"", ""Flexible schedule"", ""Stock options"", ""Wellness stipend"", ""Retirement plan""]","[""PART-TIME"", ""LEAD"", ""SUPPORT"", ""DATA-ENTRY"", ""ADMIN"", ""TICKETING""]",https://dummyimage.com/256x256/0891b2/ffffff.png&text=CT,#0891b2,https://jobs.example.com/apply/it-helpdesk-associate-cloudnest-technologies-146,False,Lead,2026-07-20T10:00:00Z,51.498648,-0.145918,2026-04-12T15:00:00Z,seed-admin@example.com
financial-analyst-growthgrid-media-147,Financial Analyst,GrowthGrid Media,Manila,Metro Manila,Philippines,False,Contract,₱187 - ₱243 / hr,187,243,PHP,/ hr,GrowthGrid Media is hiring a Financial Analyst to support its growing finance team.,"## About the role

GrowthGrid Media is looking for a junior Financial Analyst based in Manila, Philippines. You will help the team deliver reliable, user-focused work while collaborating with stakeholders across the organization.

## What you will do

This role is ideal for someone who is organized, proactive, and comfortable learning quickly in a practical work environment.","[""Prepare financial reports, reconciliations, and supporting schedules."", ""Monitor expenses and ensure records are accurate and complete."", ""Support compliance with internal financial policies."", ""Collaborate with cross-functional teams to deliver high-quality work."", ""Document progress, decisions, and important updates clearly.""]","[""Knowledge of accounting principles, spreadsheets, and financial reporting."", ""High attention to detail and comfort with numerical data."", ""Ability to work independently and collaborate with a team."", ""Strong communication, ownership, and problem-solving skills.""]","[""Flexible PTO"", ""HMO coverage"", ""Flexible schedule"", ""Career development budget""]","[""CONTRACT"", ""JUNIOR"", ""FINANCE"", ""AUDIT"", ""PAYROLL"", ""EXCEL""]",https://dummyimage.com/256x256/2563eb/ffffff.png&text=GM,#2563eb,https://jobs.example.com/apply/financial-analyst-growthgrid-media-147,False,Junior,2026-07-27T10:00:00Z,14.569077,120.979791,2026-05-03T13:00:00Z,seed-admin@example.com
healthcare-virtual-assistant-metrobridge-analytics-148,Healthcare Virtual Assistant,MetroBridge Analytics,Davao City,Davao del Sur,Philippines,False,Contract,₱312 - ₱405 / hr,312,405,PHP,/ hr,MetroBridge Analytics is hiring a Healthcare Virtual Assistant to support its growing healthcare team.,"## About the role

MetroBridge Analytics is looking for a mid Healthcare Virtual Assistant based in Davao City, Philippines. You will help the team deliver reliable, user-focused work while collaborating with stakeholders across the organization.

## What you will do

This role is ideal for someone who is organized, proactive, and comfortable learning quickly in a practical work environment.","[""Provide safe, organized, and patient-centered support."", ""Maintain accurate records and follow clinical documentation standards."", ""Coordinate with medical staff to ensure smooth daily operations."", ""Identify process improvements and help implement practical solutions."", ""Collaborate with cross-functional teams to deliver high-quality work.""]","[""Relevant healthcare training, certification, or clinical experience."", ""Knowledge of patient safety, confidentiality, and documentation standards."", ""Strong communication, ownership, and problem-solving skills."", ""Ability to work independently and collaborate with a team.""]","[""Health insurance"", ""Equipment provided"", ""Wellness stipend"", ""Retirement plan"", ""13th month pay""]","[""CONTRACT"", ""MID"", ""HEALTHCARE"", ""PATIENT-CARE"", ""CLINICAL""]",https://dummyimage.com/256x256/4f46e5/ffffff.png&text=MA,#4f46e5,https://jobs.example.com/apply/healthcare-virtual-assistant-metrobridge-analytics-148,False,Mid,2026-08-04T10:00:00Z,7.191497,125.467698,2026-05-17T11:00:00Z,seed-admin@example.com
ui-ux-designer-nextwave-logistics-149,UI/UX Designer,NextWave Logistics,Cebu City,Cebu,Philippines,False,Hybrid,"₱30,000 - ₱37,500 / month",30000,37500,PHP,/ month,NextWave Logistics is hiring a UI/UX Designer to support its growing design team.,"## About the role

NextWave Logistics is looking for a junior UI/UX Designer based in Cebu City, Philippines. You will help the team deliver reliable, user-focused work while collaborating with stakeholders across the organization.

## What you will do

This role is ideal for someone who is organized, proactive, and comfortable learning quickly in a practical work environment.","[""Create user flows, wireframes, prototypes, and polished interface designs."", ""Conduct usability reviews and turn feedback into design improvements."", ""Maintain consistent design patterns across product experiences."", ""Document progress, decisions, and important updates clearly."", ""Collaborate with cross-functional teams to deliver high-quality work.""]","[""Strong portfolio showing product thinking and visual design quality."", ""Experience using Figma or similar design tools."", ""Ability to work independently and collaborate with a team."", ""Strong communication, ownership, and problem-solving skills.""]","[""Meal allowance"", ""Paid training"", ""Wellness stipend"", ""Transportation allowance""]","[""HYBRID"", ""JUNIOR"", ""DESIGN"", ""UI"", ""FIGMA"", ""RESEARCH""]",https://dummyimage.com/256x256/0f766e/ffffff.png&text=NL,#0f766e,https://jobs.example.com/apply/ui-ux-designer-nextwave-logistics-149,False,Junior,2026-06-15T10:00:00Z,10.350953,123.920288,2026-04-18T18:00:00Z,seed-admin@example.com
audit-associate-mangobyte-apps-150,Audit Associate,MangoByte Apps,Manila,Metro Manila,Philippines,True,Hybrid,"₱120,000 - ₱150,000 / month",120000,150000,PHP,/ month,MangoByte Apps is hiring a Audit Associate to support its growing finance team.,"## About the role

MangoByte Apps is looking for a lead Audit Associate based in Remote. You will help the team deliver reliable, user-focused work while collaborating with stakeholders across the organization.

## What you will do

This role is ideal for someone who is organized, proactive, and comfortable learning quickly in a practical work environment.","[""Prepare financial reports, reconciliations, and supporting schedules."", ""Monitor expenses and ensure records are accurate and complete."", ""Support compliance with internal financial policies."", ""Collaborate with cross-functional teams to deliver high-quality work."", ""Document progress, decisions, and important updates clearly.""]","[""Knowledge of accounting principles, spreadsheets, and financial reporting."", ""High attention to detail and comfort with numerical data."", ""Ability to work independently and collaborate with a team."", ""Strong communication, ownership, and problem-solving skills.""]","[""Flexible schedule"", ""Career development budget"", ""Remote work allowance"", ""Performance bonuses"", ""Stock options"", ""Flexible PTO"", ""Transportation allowance""]","[""HYBRID"", ""LEAD"", ""FINANCE"", ""REPORTING"", ""AUDIT"", ""ACCOUNTING""]",https://dummyimage.com/256x256/0f766e/ffffff.png&text=MA,#0f766e,https://jobs.example.com/apply/audit-associate-mangobyte-apps-150,False,Lead,2026-08-05T10:00:00Z,14.5995,120.9842,2026-05-21T12:00:00Z,seed-admin@example.com
